11002,北海道,札幌市,サッポロシ
12025,北海道,函館市,ハコダテシ
12033,北海道,小樽市,オタルシ
12041,北海道,旭川市,アサヒカワシ
12050,北海道,室蘭市,ムロランシ
12068,北海道,釧路市,クシロシ
12076,北海道,帯広市,オビヒロシ
12084,北海道,北見市,キタミシ
12092,北海道,夕張市,ユウバリシ
12106,北海道,岩見沢市,イワミザワシ
12114,北海道,網走市,アバシリシ
12122,北海道,留萌市,ルモイシ
12131,北海道,苫小牧市,トマコマイシ
12149,北海道,稚内市,ワッカナイシ
12157,北海道,美唄市,ビバイシ
12165,北海道,芦別市,アシベツシ
12173,北海道,江別市,エベツシ
12181,北海道,赤平市,アカビラシ
12190,北海道,紋別市,モンベツシ
12203,北海道,士別市,シベツシ
12211,北海道,名寄市,ナヨロシ
12220,北海道,三笠市,ミカサシ
12238,北海道,根室市,ネムロシ
12246,北海道,千歳市,チトセシ
12254,北海道,滝川市,タキカワシ
12262,北海道,砂川市,スナガワシ
12271,北海道,歌志内市,ウタシナイシ
12289,北海道,深川市,フカガワシ
12297,北海道,富良野市,フラノシ
12301,北海道,登別市,ノボリベツシ
12319,北海道,恵庭市,エニワシ
12335,北海道,伊達市,ダテシ
12343,北海道,北広島市,キタヒロシマシ
12351,北海道,石狩市,イシカリシ
12360,北海道,北斗市,ホクトシ
13030,北海道,当別町,トウベツチョウ
13048,北海道,新篠津村,シンシノツムラ
13315,北海道,松前町,マツマエチョウ
13323,北海道,福島町,フクシマチョウ
13331,北海道,知内町,シリウチチョウ
13340,北海道,木古内町,キコナイチョウ
13374,北海道,七飯町,ナナエチョウ
13439,北海道,鹿部町,シカベチョウ
13455,北海道,森町,モリマチ
13463,北海道,八雲町,ヤクモチョウ
13471,北海道,長万部町,オシャマンベチョウ
13617,北海道,江差町,エサシチョウ
13625,北海道,上ノ国町,カミノクニチョウ
13633,北海道,厚沢部町,アッサブチョウ
13641,北海道,乙部町,オトベチョウ
13676,北海道,奥尻町,オクシリチョウ
13706,北海道,今金町,イマカネチョウ
13714,北海道,せたな町,セタナチョウ
13919,北海道,島牧村,シママキムラ
13927,北海道,寿都町,スッツチョウ
13935,北海道,黒松内町,クロマツナイチョウ
13943,北海道,蘭越町,ランコシチョウ
13951,北海道,ニセコ町,ニセコチョウ
13960,北海道,真狩村,マッカリムラ
13978,北海道,留寿都村,ルスツムラ
13986,北海道,喜茂別町,キモベツチョウ
13994,北海道,京極町,キョウゴクチョウ
14001,北海道,倶知安町,クッチャンチョウ
14010,北海道,共和町,キョウワチョウ
14028,北海道,岩内町,イワナイチョウ
14036,北海道,泊村,トマリムラ
14044,北海道,神恵内村,カモエナイムラ
14052,北海道,積丹町,シャコタンチョウ
14061,北海道,古平町,フルビラチョウ
14079,北海道,仁木町,ニキチョウ
14087,北海道,余市町,ヨイチチョウ
14095,北海道,赤井川村,アカイガワムラ
14231,北海道,南幌町,ナンポロチョウ
14249,北海道,奈井江町,ナイエチョウ
14257,北海道,上砂川町,カミスナガワチョウ
14273,北海道,由仁町,ユニチョウ
14281,北海道,長沼町,ナガヌマチョウ
14290,北海道,栗山町,クリヤマチョウ
14303,北海道,月形町,ツキガタチョウ
14311,北海道,浦臼町,ウラウスチョウ
14320,北海道,新十津川町,シントツカワチョウ
14338,北海道,妹背牛町,モセウシチョウ
14346,北海道,秩父別町,チップベツチョウ
14362,北海道,雨竜町,ウリュウチョウ
14371,北海道,北竜町,ホクリュウチョウ
14389,北海道,沼田町,ヌマタチョウ
14524,北海道,鷹栖町,タカスチョウ
14532,北海道,東神楽町,ヒガシカグラチョウ
14541,北海道,当麻町,トウマチョウ
14559,北海道,比布町,ピップチョウ
14567,北海道,愛別町,アイベツチョウ
14575,北海道,上川町,カミカワチョウ
14583,北海道,東川町,ヒガシカワチョウ
14591,北海道,美瑛町,ビエイチョウ
14605,北海道,上富良野町,カミフラノチョウ
14613,北海道,中富良野町,ナカフラノチョウ
14621,北海道,南富良野町,ミナミフラノチョウ
14630,北海道,占冠村,シムカップムラ
14648,北海道,和寒町,ワッサムチョウ
14656,北海道,剣淵町,ケンブチチョウ
14681,北海道,下川町,シモカワチョウ
14699,北海道,美深町,ビフカチョウ
14702,北海道,音威子府村,オトイネップムラ
14711,北海道,中川町,ナカガワチョウ
14729,北海道,幌加内町,ホロカナイチョウ
14818,北海道,増毛町,マシケチョウ
14826,北海道,小平町,オビラチョウ
14834,北海道,苫前町,トママエチョウ
14842,北海道,羽幌町,ハボロチョウ
14851,北海道,初山別村,ショサンベツムラ
14869,北海道,遠別町,エンベツチョウ
14877,北海道,天塩町,テシオチョウ
15113,北海道,猿払村,サルフツムラ
15121,北海道,浜頓別町,ハマトンベツチョウ
15130,北海道,中頓別町,ナカトンベツチョウ
15148,北海道,枝幸町,エサシチョウ
15164,北海道,豊富町,トヨトミチョウ
15172,北海道,礼文町,レブンチョウ
15181,北海道,利尻町,リシリチョウ
15199,北海道,利尻富士町,リシリフジチョウ
15202,北海道,幌延町,ホロノベチョウ
15431,北海道,美幌町,ビホロチョウ
15440,北海道,津別町,ツベツチョウ
15458,北海道,斜里町,シャリチョウ
15466,北海道,清里町,キヨサトチョウ
15474,北海道,小清水町,コシミズチョウ
15491,北海道,訓子府町,クンネップチョウ
15504,北海道,置戸町,オケトチョウ
15521,北海道,佐呂間町,サロマチョウ
15555,北海道,遠軽町,エンガルチョウ
15598,北海道,湧別町,ユウベツチョウ
15601,北海道,滝上町,タキノウエチョウ
15610,北海道,興部町,オコッペチョウ
15628,北海道,西興部村,ニシオコッペムラ
15636,北海道,雄武町,オウムチョウ
15644,北海道,大空町,オオゾラチョウ
15717,北海道,豊浦町,トヨウラチョウ
15750,北海道,壮瞥町,ソウベツチョウ
15784,北海道,白老町,シラオイチョウ
15814,北海道,厚真町,アツマチョウ
15849,北海道,洞爺湖町,トウヤコチョウ
15857,北海道,安平町,アビラチョウ
15865,北海道,むかわ町,ムカワチョウ
16012,北海道,日高町,ヒダカチョウ
16021,北海道,平取町,ビラトリチョウ
16047,北海道,新冠町,ニイカップチョウ
16071,北海道,浦河町,ウラカワチョウ
16080,北海道,様似町,サマニチョウ
16098,北海道,えりも町,エリモチョウ
16101,北海道,新ひだか町,シンヒダカチョウ
16314,北海道,音更町,オトフケチョウ
16322,北海道,士幌町,シホロチョウ
16331,北海道,上士幌町,カミシホロチョウ
16349,北海道,鹿追町,シカオイチョウ
16357,北海道,新得町,シントクチョウ
16365,北海道,清水町,シミズチョウ
16373,北海道,芽室町,メムロチョウ
16381,北海道,中札内村,ナカサツナイムラ
16390,北海道,更別村,サラベツムラ
16411,北海道,大樹町,タイキチョウ
16420,北海道,広尾町,ヒロオチョウ
16438,北海道,幕別町,マクベツチョウ
16446,北海道,池田町,イケダチョウ
16454,北海道,豊頃町,トヨコロチョウ
16462,北海道,本別町,ホンベツチョウ
16471,北海道,足寄町,アショロチョウ
16489,北海道,陸別町,リクベツチョウ
16497,北海道,浦幌町,ウラホロチョウ
16616,北海道,釧路町,クシロチョウ
16624,北海道,厚岸町,アッケシチョウ
16632,北海道,浜中町,ハマナカチョウ
16641,北海道,標茶町,シベチャチョウ
16659,北海道,弟子屈町,テシカガチョウ
16675,北海道,鶴居村,ツルイムラ
16683,北海道,白糠町,シラヌカチョウ
16918,北海道,別海町,ベツカイチョウ
16926,北海道,中標津町,ナカシベツチョウ
16934,北海道,標津町,シベツチョウ
16942,北海道,羅臼町,ラウスチョウ
22012,青森県,青森市,アオモリシ
22021,青森県,弘前市,ヒロサキシ
22039,青森県,八戸市,ハチノヘシ
22047,青森県,黒石市,クロイシシ
22055,青森県,五所川原市,ゴショガワラシ
22063,青森県,十和田市,トワダシ
22071,青森県,三沢市,ミサワシ
22080,青森県,むつ市,ムツシ
22098,青森県,つがる市,ツガルシ
22101,青森県,平川市,ヒラカワシ
23019,青森県,平内町,ヒラナイマチ
23035,青森県,今別町,イマベツマチ
23043,青森県,蓬田村,ヨモギタムラ
23078,青森県,外ヶ浜町,ソトガハママチ
23213,青森県,鰺ヶ沢町,アジガサワマチ
23230,青森県,深浦町,フカウラマチ
23434,青森県,西目屋村,ニシメヤムラ
23612,青森県,藤崎町,フジサキマチ
23621,青森県,大鰐町,オオワニマチ
23671,青森県,田舎館村,イナカダテムラ
23817,青森県,板柳町,イタヤナギマチ
23841,青森県,鶴田町,ツルタマチ
23876,青森県,中泊町,ナカドマリマチ
24015,青森県,野辺地町,ノヘジマチ
24023,青森県,七戸町,シチノヘマチ
24058,青森県,六戸町,ロクノヘマチ
24066,青森県,横浜町,ヨコハママチ
24082,青森県,東北町,トウホクマチ
24112,青森県,六ヶ所村,ロッカショムラ
24121,青森県,おいらせ町,オイラセチョウ
24236,青森県,大間町,オオママチ
24244,青森県,東通村,ヒガシドオリムラ
24252,青森県,風間浦村,カザマウラムラ
24261,青森県,佐井村,サイムラ
24414,青森県,三戸町,サンノヘマチ
24422,青森県,五戸町,ゴノヘマチ
24431,青森県,田子町,タッコマチ
24457,青森県,南部町,ナンブチョウ
24465,青森県,階上町,ハシカミチョウ
24503,青森県,新郷村,シンゴウムラ
32018,岩手県,盛岡市,モリオカシ
32026,岩手県,宮古市,ミヤコシ
32034,岩手県,大船渡市,オオフナトシ
32051,岩手県,花巻市,ハナマキシ
32069,岩手県,北上市,キタカミシ
32077,岩手県,久慈市,クジシ
32085,岩手県,遠野市,トオノシ
32093,岩手県,一関市,イチノセキシ
32107,岩手県,陸前高田市,リクゼンタカタシ
32115,岩手県,釜石市,カマイシシ
32131,岩手県,二戸市,ニノヘシ
32140,岩手県,八幡平市,ハチマンタイシ
32158,岩手県,奥州市,オウシュウシ
32166,岩手県,滝沢市,タキザワシ
33014,岩手県,雫石町,シズクイシチョウ
33022,岩手県,葛巻町,クズマキマチ
33031,岩手県,岩手町,イワテマチ
33219,岩手県,紫波町,シワチョウ
33227,岩手県,矢巾町,ヤハバチョウ
33669,岩手県,西和賀町,ニシワガマチ
33812,岩手県,金ケ崎町,カネガサキチョウ
34029,岩手県,平泉町,ヒライズミチョウ
34410,岩手県,住田町,スミタチョウ
34614,岩手県,大槌町,オオツチチョウ
34827,岩手県,山田町,ヤマダマチ
34835,岩手県,岩泉町,イワイズミチョウ
34843,岩手県,田野畑村,タノハタムラ
34851,岩手県,普代村,フダイムラ
35017,岩手県,軽米町,カルマイマチ
35033,岩手県,野田村,ノダムラ
35068,岩手県,九戸村,クノヘムラ
35076,岩手県,洋野町,ヒロノチョウ
35246,岩手県,一戸町,イチノヘマチ
41009,宮城県,仙台市,センダイシ
42021,宮城県,石巻市,イシノマキシ
42030,宮城県,塩竈市,シオガマシ
42056,宮城県,気仙沼市,ケセンヌマシ
42064,宮城県,白石市,シロイシシ
42072,宮城県,名取市,ナトリシ
42081,宮城県,角田市,カクダシ
42099,宮城県,多賀城市,タガジョウシ
42111,宮城県,岩沼市,イワヌマシ
42129,宮城県,登米市,トメシ
42137,宮城県,栗原市,クリハラシ
42145,宮城県,東松島市,ヒガシマツシマシ
42153,宮城県,大崎市,オオサキシ
42161,宮城県,富谷市,トミヤシ
43010,宮城県,蔵王町,ザオウマチ
43028,宮城県,七ヶ宿町,シチカシュクマチ
43214,宮城県,大河原町,オオガワラマチ
43222,宮城県,村田町,ムラタマチ
43231,宮城県,柴田町,シバタマチ
43249,宮城県,川崎町,カワサキマチ
43419,宮城県,丸森町,マルモリマチ
43613,宮城県,亘理町,ワタリチョウ
43621,宮城県,山元町,ヤマモトチョウ
44016,宮城県,松島町,マツシママチ
44041,宮城県,七ヶ浜町,シチガハママチ
44067,宮城県,利府町,リフチョウ
44211,宮城県,大和町,タイワチョウ
44229,宮城県,大郷町,オオサトチョウ
44245,宮城県,大衡村,オオヒラムラ
44440,宮城県,色麻町,シカマチョウ
44458,宮城県,加美町,カミマチ
45012,宮城県,涌谷町,ワクヤチョウ
45055,宮城県,美里町,ミサトマチ
45811,宮城県,女川町,オナガワチョウ
46060,宮城県,南三陸町,ミナミサンリクチョウ
52019,秋田県,秋田市,アキタシ
52027,秋田県,能代市,ノシロシ
52035,秋田県,横手市,ヨコテシ
52043,秋田県,大館市,オオダテシ
52060,秋田県,男鹿市,オガシ
52078,秋田県,湯沢市,ユザワシ
52094,秋田県,鹿角市,カヅノシ
52108,秋田県,由利本荘市,ユリホンジョウシ
52116,秋田県,潟上市,カタガミシ
52124,秋田県,大仙市,ダイセンシ
52132,秋田県,北秋田市,キタアキタシ
52141,秋田県,にかほ市,ニカホシ
52159,秋田県,仙北市,センボクシ
53031,秋田県,小坂町,コサカマチ
53279,秋田県,上小阿仁村,カミコアニムラ
53465,秋田県,藤里町,フジサトマチ
53481,秋田県,三種町,ミタネチョウ
53490,秋田県,八峰町,ハッポウチョウ
53619,秋田県,五城目町,ゴジョウメマチ
53635,秋田県,八郎潟町,ハチロウガタマチ
53660,秋田県,井川町,イカワマチ
53686,秋田県,大潟村,オオガタムラ
54348,秋田県,美郷町,ミサトチョウ
54631,秋田県,羽後町,ウゴマチ
54640,秋田県,東成瀬村,ヒガシナルセムラ
62014,山形県,山形市,ヤマガタシ
62022,山形県,米沢市,ヨネザワシ
62031,山形県,鶴岡市,ツルオカシ
62049,山形県,酒田市,サカタシ
62057,山形県,新庄市,シンジョウシ
62065,山形県,寒河江市,サガエシ
62073,山形県,上山市,カミノヤマシ
62081,山形県,村山市,ムラヤマシ
62090,山形県,長井市,ナガイシ
62103,山形県,天童市,テンドウシ
62111,山形県,東根市,ヒガシネシ
62120,山形県,尾花沢市,オバナザワシ
62138,山形県,南陽市,ナンヨウシ
63011,山形県,山辺町,ヤマノベマチ
63029,山形県,中山町,ナカヤママチ
63215,山形県,河北町,カホクチョウ
63223,山形県,西川町,ニシカワマチ
63231,山形県,朝日町,アサヒマチ
63240,山形県,大江町,オオエマチ
63410,山形県,大石田町,オオイシダマチ
63614,山形県,金山町,カネヤママチ
63622,山形県,最上町,モガミマチ
63631,山形県,舟形町,フナガタマチ
63649,山形県,真室川町,マムロガワマチ
63657,山形県,大蔵村,オオクラムラ
63665,山形県,鮭川村,サケガワムラ
63673,山形県,戸沢村,トザワムラ
63819,山形県,高畠町,タカハタマチ
63827,山形県,川西町,カワニシマチ
64017,山形県,小国町,オグニマチ
64025,山形県,白鷹町,シラタカマチ
64033,山形県,飯豊町,イイデマチ
64262,山形県,三川町,ミカワマチ
64289,山形県,庄内町,シヨウナイマチ
64611,山形県,遊佐町,ユザマチ
72010,福島県,福島市,フクシマシ
72028,福島県,会津若松市,アイヅワカマツシ
72036,福島県,郡山市,コオリヤマシ
72044,福島県,いわき市,イワキシ
72052,福島県,白河市,シラカワシ
72079,福島県,須賀川市,スカガワシ
72087,福島県,喜多方市,キタカタシ
72095,福島県,相馬市,ソウマシ
72109,福島県,二本松市,ニホンマツシ
72117,福島県,田村市,タムラシ
72125,福島県,南相馬市,ミナミソウマシ
72133,福島県,伊達市,ダテシ
72141,福島県,本宮市,モトミヤシ
73016,福島県,桑折町,コオリマチ
73032,福島県,国見町,クニミマチ
73083,福島県,川俣町,カワマタマチ
73229,福島県,大玉村,オオタマムラ
73423,福島県,鏡石町,カガミイシマチ
73440,福島県,天栄村,テンエイムラ
73628,福島県,下郷町,シモゴウマチ
73644,福島県,檜枝岐村,ヒノエマタムラ
73679,福島県,只見町,タダミマチ
73687,福島県,南会津町,ミナミアイヅマチ
74021,福島県,北塩原村,キタシオバラムラ
74055,福島県,西会津町,ニシアイヅマチ
74071,福島県,磐梯町,バンダイマチ
74080,福島県,猪苗代町,イナワシロマチ
74217,福島県,会津坂下町,アイヅバンゲマチ
74225,福島県,湯川村,ユガワムラ
74233,福島県,柳津町,ヤナイヅマチ
74446,福島県,三島町,ミシママチ
74454,福島県,金山町,カネヤママチ
74462,福島県,昭和村,ショウワムラ
74471,福島県,会津美里町,アイヅミサトマチ
74616,福島県,西郷村,ニシゴウムラ
74641,福島県,泉崎村,イズミザキムラ
74659,福島県,中島村,ナカジマムラ
74667,福島県,矢吹町,ヤブキマチ
74811,福島県,棚倉町,タナグラマチ
74829,福島県,矢祭町,ヤマツリマチ
74837,福島県,塙町,ハナワマチ
74845,福島県,鮫川村,サメガワムラ
75019,福島県,石川町,イシカワマチ
75027,福島県,玉川村,タマカワムラ
75035,福島県,平田村,ヒラタムラ
75043,福島県,浅川町,アサカワマチ
75051,福島県,古殿町,フルドノマチ
75213,福島県,三春町,ミハルマチ
75221,福島県,小野町,オノマチ
75418,福島県,広野町,ヒロノマチ
75426,福島県,楢葉町,ナラハマチ
75434,福島県,富岡町,トミオカマチ
75442,福島県,川内村,カワウチムラ
75451,福島県,大熊町,オオクママチ
75469,福島県,双葉町,フタバマチ
75477,福島県,浪江町,ナミエマチ
75485,福島県,葛尾村,カツラオムラ
75612,福島県,新地町,シンチマチ
75647,福島県,飯舘村,イイタテムラ
82015,茨城県,水戸市,ミトシ
82023,茨城県,日立市,ヒタチシ
82031,茨城県,土浦市,ツチウラシ
82040,茨城県,古河市,コガシ
82058,茨城県,石岡市,イシオカシ
82074,茨城県,結城市,ユウキシ
82082,茨城県,龍ケ崎市,リュウガサキシ
82104,茨城県,下妻市,シモツマシ
82112,茨城県,常総市,ジョウソウシ
82121,茨城県,常陸太田市,ヒタチオオタシ
82147,茨城県,高萩市,タカハギシ
82155,茨城県,北茨城市,キタイバラキシ
82163,茨城県,笠間市,カサマシ
82171,茨城県,取手市,トリデシ
82198,茨城県,牛久市,ウシクシ
82201,茨城県,つくば市,ツクバシ
82210,茨城県,ひたちなか市,ヒタチナカシ
82228,茨城県,鹿嶋市,カシマシ
82236,茨城県,潮来市,イタコシ
82244,茨城県,守谷市,モリヤシ
82252,茨城県,常陸大宮市,ヒタチオオミヤシ
82261,茨城県,那珂市,ナカシ
82279,茨城県,筑西市,チクセイシ
82287,茨城県,坂東市,バンドウシ
82295,茨城県,稲敷市,イナシキシ
82309,茨城県,かすみがうら市,カスミガウラシ
82317,茨城県,桜川市,サクラガワシ
82325,茨城県,神栖市,カミスシ
82333,茨城県,行方市,ナメガタシ
82341,茨城県,鉾田市,ホコタシ
82350,茨城県,つくばみらい市,ツクバミライシ
82368,茨城県,小美玉市,オミタマシ
83020,茨城県,茨城町,イバラキマチ
83097,茨城県,大洗町,オオアライマチ
83101,茨城県,城里町,シロサトマチ
83411,茨城県,東海村,トウカイムラ
83640,茨城県,大子町,ダイゴマチ
84425,茨城県,美浦村,ミホムラ
84433,茨城県,阿見町,アミマチ
84476,茨城県,河内町,カワチマチ
85219,茨城県,八千代町,ヤチヨマチ
85421,茨城県,五霞町,ゴカマチ
85464,茨城県,境町,サカイマチ
85642,茨城県,利根町,トネマチ
92011,栃木県,宇都宮市,ウツノミヤシ
92029,栃木県,足利市,アシカガシ
92037,栃木県,栃木市,トチギシ
92045,栃木県,佐野市,サノシ
92053,栃木県,鹿沼市,カヌマシ
92061,栃木県,日光市,ニッコウシ
92088,栃木県,小山市,オヤマシ
92096,栃木県,真岡市,モオカシ
92100,栃木県,大田原市,オオタワラシ
92118,栃木県,矢板市,ヤイタシ
92134,栃木県,那須塩原市,ナスシオバラシ
92142,栃木県,さくら市,サクラシ
92151,栃木県,那須烏山市,ナスカラスヤマシ
92169,栃木県,下野市,シモツケシ
93017,栃木県,上三川町,カミノカワマチ
93424,栃木県,益子町,マシコマチ
93432,栃木県,茂木町,モテギマチ
93441,栃木県,市貝町,イチカイマチ
93459,栃木県,芳賀町,ハガマチ
93611,栃木県,壬生町,ミブマチ
93645,栃木県,野木町,ノギマチ
93840,栃木県,塩谷町,シオヤマチ
93866,栃木県,高根沢町,タカネザワマチ
94072,栃木県,那須町,ナスマチ
94111,栃木県,那珂川町,ナカガワマチ
102016,群馬県,前橋市,マエバシシ
102024,群馬県,高崎市,タカサキシ
102032,群馬県,桐生市,キリュウシ
102041,群馬県,伊勢崎市,イセサキシ
102059,群馬県,太田市,オオタシ
102067,群馬県,沼田市,ヌマタシ
102075,群馬県,館林市,タテバヤシシ
102083,群馬県,渋川市,シブカワシ
102091,群馬県,藤岡市,フジオカシ
102105,群馬県,富岡市,トミオカシ
102113,群馬県,安中市,アンナカシ
102121,群馬県,みどり市,ミドリシ
103446,群馬県,榛東村,シントウムラ
103454,群馬県,吉岡町,ヨシオカマチ
103667,群馬県,上野村,ウエノムラ
103675,群馬県,神流町,カンナマチ
103829,群馬県,下仁田町,シモニタマチ
103837,群馬県,南牧村,ナンモクムラ
103845,群馬県,甘楽町,カンラマチ
104213,群馬県,中之条町,ナカノジヨウマチ
104248,群馬県,長野原町,ナガノハラマチ
104256,群馬県,嬬恋村,ツマゴイムラ
104264,群馬県,草津町,クサツマチ
104281,群馬県,高山村,タカヤマムラ
104299,群馬県,東吾妻町,ヒガシアガツママチ
104434,群馬県,片品村,カタシナムラ
104442,群馬県,川場村,カワバムラ
104485,群馬県,昭和村,ショウワムラ
104493,群馬県,みなかみ町,ミナカミマチ
104647,群馬県,玉村町,タマムラマチ
105210,群馬県,板倉町,イタクラマチ
105228,群馬県,明和町,メイワマチ
105236,群馬県,千代田町,チヨダマチ
105244,群馬県,大泉町,オオイズミマチ
105252,群馬県,邑楽町,オウラマチ
111007,埼玉県,さいたま市,サイタマシ
112011,埼玉県,川越市,カワゴエシ
112020,埼玉県,熊谷市,クマガヤシ
112038,埼玉県,川口市,カワグチシ
112062,埼玉県,行田市,ギヨウダシ
112071,埼玉県,秩父市,チチブシ
112089,埼玉県,所沢市,トコロザワシ
112097,埼玉県,飯能市,ハンノウシ
112101,埼玉県,加須市,カゾシ
112119,埼玉県,本庄市,ホンジヨウシ
112127,埼玉県,東松山市,ヒガシマツヤマシ
112143,埼玉県,春日部市,カスカベシ
112151,埼玉県,狭山市,サヤマシ
112160,埼玉県,羽生市,ハニユウシ
112178,埼玉県,鴻巣市,コウノスシ
112186,埼玉県,深谷市,フカヤシ
112194,埼玉県,上尾市,アゲオシ
112216,埼玉県,草加市,ソウカシ
112224,埼玉県,越谷市,コシガヤシ
112232,埼玉県,蕨市,ワラビシ
112241,埼玉県,戸田市,トダシ
112259,埼玉県,入間市,イルマシ
112275,埼玉県,朝霞市,アサカシ
112283,埼玉県,志木市,シキシ
112291,埼玉県,和光市,ワコウシ
112305,埼玉県,新座市,ニイザシ
112313,埼玉県,桶川市,オケガワシ
112321,埼玉県,久喜市,クキシ
112330,埼玉県,北本市,キタモトシ
112348,埼玉県,八潮市,ヤシオシ
112356,埼玉県,富士見市,フジミシ
112372,埼玉県,三郷市,ミサトシ
112381,埼玉県,蓮田市,ハスダシ
112399,埼玉県,坂戸市,サカドシ
112402,埼玉県,幸手市,サッテシ
112411,埼玉県,鶴ヶ島市,ツルガシマシ
112429,埼玉県,日高市,ヒダカシ
112437,埼玉県,吉川市,ヨシカワシ
112453,埼玉県,ふじみ野市,フジミノシ
112461,埼玉県,白岡市,シラオカシ
113018,埼玉県,伊奈町,イナマチ
113247,埼玉県,三芳町,ミヨシマチ
113263,埼玉県,毛呂山町,モロヤママチ
113271,埼玉県,越生町,オゴセマチ
113417,埼玉県,滑川町,ナメガワマチ
113425,埼玉県,嵐山町,ランザンマチ
113433,埼玉県,小川町,オガワマチ
113468,埼玉県,川島町,カワジママチ
113476,埼玉県,吉見町,ヨシミマチ
113484,埼玉県,鳩山町,ハトヤママチ
113492,埼玉県,ときがわ町,トキガワマチ
113611,埼玉県,横瀬町,ヨコゼマチ
113620,埼玉県,皆野町,ミナノマチ
113638,埼玉県,長瀞町,ナガトロマチ
113654,埼玉県,小鹿野町,オガノマチ
113697,埼玉県,東秩父村,ヒガシチチブムラ
113816,埼玉県,美里町,ミサトマチ
113832,埼玉県,神川町,カミカワマチ
113859,埼玉県,上里町,カミサトマチ
114081,埼玉県,寄居町,ヨリイマチ
114421,埼玉県,宮代町,ミヤシロマチ
114642,埼玉県,杉戸町,スギトマチ
114651,埼玉県,松伏町,マツブシマチ
121002,千葉県,千葉市,チバシ
122025,千葉県,銚子市,チョウシシ
122033,千葉県,市川市,イチカワシ
122041,千葉県,船橋市,フナバシシ
122050,千葉県,館山市,タテヤマシ
122068,千葉県,木更津市,キサラヅシ
122076,千葉県,松戸市,マツドシ
122084,千葉県,野田市,ノダシ
122106,千葉県,茂原市,モバラシ
122114,千葉県,成田市,ナリタシ
122122,千葉県,佐倉市,サクラシ
122131,千葉県,東金市,トウガネシ
122157,千葉県,旭市,アサヒシ
122165,千葉県,習志野市,ナラシノシ
122173,千葉県,柏市,カシワシ
122181,千葉県,勝浦市,カツウラシ
122190,千葉県,市原市,イチハラシ
122203,千葉県,流山市,ナガレヤマシ
122211,千葉県,八千代市,ヤチヨシ
122220,千葉県,我孫子市,アビコシ
122238,千葉県,鴨川市,カモガワシ
122246,千葉県,鎌ケ谷市,カマガヤシ
122254,千葉県,君津市,キミツシ
122262,千葉県,富津市,フッツシ
122271,千葉県,浦安市,ウラヤスシ
122289,千葉県,四街道市,ヨツカイドウシ
122297,千葉県,袖ケ浦市,ソデガウラシ
122301,千葉県,八街市,ヤチマタシ
122319,千葉県,印西市,インザイシ
122327,千葉県,白井市,シロイシ
122335,千葉県,富里市,トミサトシ
122343,千葉県,南房総市,ミナミボウソウシ
122351,千葉県,匝瑳市,ソウサシ
122360,千葉県,香取市,カトリシ
122378,千葉県,山武市,サンムシ
122386,千葉県,いすみ市,イスミシ
122394,千葉県,大網白里市,オオアミシラサトシ
123226,千葉県,酒々井町,シスイマチ
123293,千葉県,栄町,サカエマチ
123421,千葉県,神崎町,コウザキマチ
123471,千葉県,多古町,タコマチ
123498,千葉県,東庄町,トウノショウマチ
124036,千葉県,九十九里町,クジユウクリマチ
124095,千葉県,芝山町,シバヤママチ
124109,千葉県,横芝光町,ヨコシバヒカリマチ
124214,千葉県,一宮町,イチノミヤマチ
124222,千葉県,睦沢町,ムツザワマチ
124231,千葉県,長生村,チョウセイムラ
124249,千葉県,白子町,シラコマチ
124265,千葉県,長柄町,ナガラマチ
124273,千葉県,長南町,チョウナンマチ
124419,千葉県,大多喜町,オオタキマチ
124435,千葉県,御宿町,オンジユクマチ
124630,千葉県,鋸南町,キヨナンマチ
131016,東京都,千代田区,チヨダク
131024,東京都,中央区,チュウオウク
131032,東京都,港区,ミナトク
131041,東京都,新宿区,シンジュクク
131059,東京都,文京区,ブンキョウク
131067,東京都,台東区,タイトウク
131075,東京都,墨田区,スミダク
131083,東京都,江東区,コウトウク
131091,東京都,品川区,シナガワク
131105,東京都,目黒区,メグロク
131113,東京都,大田区,オオタク
131121,東京都,世田谷区,セタガヤク
131130,東京都,渋谷区,シブヤク
131148,東京都,中野区,ナカノク
131156,東京都,杉並区,スギナミク
131164,東京都,豊島区,トシマク
131172,東京都,北区,キタク
131181,東京都,荒川区,アラカワク
131199,東京都,板橋区,イタバシク
131202,東京都,練馬区,ネリマク
131211,東京都,足立区,アダチク
131229,東京都,葛飾区,カツシカク
131237,東京都,江戸川区,エドガワク
132012,東京都,八王子市,ハチオウジシ
132021,東京都,立川市,タチカワシ
132039,東京都,武蔵野市,ムサシノシ
132047,東京都,三鷹市,ミタカシ
132055,東京都,青梅市,オウメシ
132063,東京都,府中市,フチュウシ
132071,東京都,昭島市,アキシマシ
132080,東京都,調布市,チョウフシ
132098,東京都,町田市,マチダシ
132101,東京都,小金井市,コガネイシ
132110,東京都,小平市,コダイラシ
132128,東京都,日野市,ヒノシ
132136,東京都,東村山市,ヒガシムラヤマシ
132144,東京都,国分寺市,コクブンジシ
132152,東京都,国立市,クニタチシ
132187,東京都,福生市,フッサシ
132195,東京都,狛江市,コマエシ
132209,東京都,東大和市,ヒガシヤマトシ
132217,東京都,清瀬市,キヨセシ
132225,東京都,東久留米市,ヒガシクルメシ
132233,東京都,武蔵村山市,ムサシムラヤマシ
132241,東京都,多摩市,タマシ
132250,東京都,稲城市,イナギシ
132276,東京都,羽村市,ハムラシ
132284,東京都,あきる野市,アキルノシ
132292,東京都,西東京市,ニシトウキョウシ
133035,東京都,瑞穂町,ミズホマチ
133051,東京都,日の出町,ヒノデマチ
133078,東京都,檜原村,ヒノハラムラ
133086,東京都,奥多摩町,オクタママチ
133612,東京都,大島町,オオシママチ
133621,東京都,利島村,トシマムラ
133639,東京都,新島村,ニイジマムラ
133647,東京都,神津島村,コウヅシマムラ
133817,東京都,三宅村,ミヤケムラ
133825,東京都,御蔵島村,ミクラジマムラ
134015,東京都,八丈町,ハチジョウマチ
134023,東京都,青ヶ島村,アオガシマムラ
134210,東京都,小笠原村,オガサワラムラ
141003,神奈川県,横浜市,ヨコハマシ
141305,神奈川県,川崎市,カワサキシ
141500,神奈川県,相模原市,サガミハラシ
142018,神奈川県,横須賀市,ヨコスカシ
142034,神奈川県,平塚市,ヒラツカシ
142042,神奈川県,鎌倉市,カマクラシ
142051,神奈川県,藤沢市,フジサワシ
142069,神奈川県,小田原市,オダワラシ
142077,神奈川県,茅ヶ崎市,チガサキシ
142085,神奈川県,逗子市,ズシシ
142107,神奈川県,三浦市,ミウラシ
142115,神奈川県,秦野市,ハダノシ
142123,神奈川県,厚木市,アツギシ
142131,神奈川県,大和市,ヤマトシ
142140,神奈川県,伊勢原市,イセハラシ
142158,神奈川県,海老名市,エビナシ
142166,神奈川県,座間市,ザマシ
142174,神奈川県,南足柄市,ミナミアシガラシ
142182,神奈川県,綾瀬市,アヤセシ
143014,神奈川県,葉山町,ハヤママチ
143219,神奈川県,寒川町,サムカワマチ
143413,神奈川県,大磯町,オオイソマチ
143421,神奈川県,二宮町,ニノミヤマチ
143618,神奈川県,中井町,ナカイマチ
143626,神奈川県,大井町,オオイマチ
143634,神奈川県,松田町,マツダマチ
143642,神奈川県,山北町,ヤマキタマチ
143669,神奈川県,開成町,カイセイマチ
143821,神奈川県,箱根町,ハコネマチ
143839,神奈川県,真鶴町,マナツルマチ
143847,神奈川県,湯河原町,ユガワラマチ
144011,神奈川県,愛川町,アイカワマチ
144029,神奈川県,清川村,キヨカワムラ
151009,新潟県,新潟市,ニイガタシ
152021,新潟県,長岡市,ナガオカシ
152048,新潟県,三条市,サンジョウシ
152056,新潟県,柏崎市,カシワザキシ
152064,新潟県,新発田市,シバタシ
152081,新潟県,小千谷市,オヂヤシ
152099,新潟県,加茂市,カモシ
152102,新潟県,十日町市,トオカマチシ
152111,新潟県,見附市,ミツケシ
152129,新潟県,村上市,ムラカミシ
152137,新潟県,燕市,ツバメシ
152161,新潟県,糸魚川市,イトイガワシ
152170,新潟県,妙高市,ミョウコウシ
152188,新潟県,五泉市,ゴセンシ
152226,新潟県,上越市,ジョウエツシ
152234,新潟県,阿賀野市,アガノシ
152242,新潟県,佐渡市,サドシ
152251,新潟県,魚沼市,ウオヌマシ
152269,新潟県,南魚沼市,ミナミウオヌマシ
152277,新潟県,胎内市,タイナイシ
153079,新潟県,聖籠町,セイロウマチ
153427,新潟県,弥彦村,ヤヒコムラ
153613,新潟県,田上町,タガミマチ
153851,新潟県,阿賀町,アガマチ
154059,新潟県,出雲崎町,イズモザキマチ
154610,新潟県,湯沢町,ユザワマチ
154822,新潟県,津南町,ツナンマチ
155047,新潟県,刈羽村,カリワムラ
155811,新潟県,関川村,セキカワムラ
155861,新潟県,粟島浦村,アワシマウラムラ
162019,富山県,富山市,トヤマシ
162027,富山県,高岡市,タカオカシ
162043,富山県,魚津市,ウオヅシ
162051,富山県,氷見市,ヒミシ
162060,富山県,滑川市,ナメリカワシ
162078,富山県,黒部市,クロベシ
162086,富山県,砺波市,トナミシ
162094,富山県,小矢部市,オヤベシ
162108,富山県,南砺市,ナントシ
162116,富山県,射水市,イミズシ
163210,富山県,舟橋村,フナハシムラ
163228,富山県,上市町,カミイチマチ
163236,富山県,立山町,タテヤママチ
163422,富山県,入善町,ニュウゼンマチ
163431,富山県,朝日町,アサヒマチ
172014,石川県,金沢市,カナザワシ
172022,石川県,七尾市,ナナオシ
172031,石川県,小松市,コマツシ
172049,石川県,輪島市,ワジマシ
172057,石川県,珠洲市,スズシ
172065,石川県,加賀市,カガシ
172073,石川県,羽咋市,ハクイシ
172090,石川県,かほく市,カホクシ
172103,石川県,白山市,ハクサンシ
172111,石川県,能美市,ノミシ
172120,石川県,野々市市,ノノイチシ
173240,石川県,川北町,カワキタマチ
173614,石川県,津幡町,ツバタマチ
173657,石川県,内灘町,ウチナダマチ
173843,石川県,志賀町,シカマチ
173860,石川県,宝達志水町,ホウダツシミズチョウ
174076,石川県,中能登町,ナカノトマチ
174611,石川県,穴水町,アナミズマチ
174637,石川県,能登町,ノトチョウ
182010,福井県,福井市,フクイシ
182028,福井県,敦賀市,ツルガシ
182044,福井県,小浜市,オバマシ
182052,福井県,大野市,オオノシ
182061,福井県,勝山市,カツヤマシ
182079,福井県,鯖江市,サバエシ
182087,福井県,あわら市,アワラシ
182095,福井県,越前市,エチゼンシ
182109,福井県,坂井市,サカイシ
183229,福井県,永平寺町,エイヘイジチョウ
183822,福井県,池田町,イケダチョウ
184047,福井県,南越前町,ミナミエチゼンチョウ
184233,福井県,越前町,エチゼンチョウ
184420,福井県,美浜町,ミハマチョウ
184811,福井県,高浜町,タカハマチョウ
184837,福井県,おおい町,オオイチョウ
185019,福井県,若狭町,ワカサチョウ
192015,山梨県,甲府市,コウフシ
192023,山梨県,富士吉田市,フジヨシダシ
192040,山梨県,都留市,ツルシ
192058,山梨県,山梨市,ヤマナシシ
192066,山梨県,大月市,オオツキシ
192074,山梨県,韮崎市,ニラサキシ
192082,山梨県,南アルプス市,ミナミアルプスシ
192091,山梨県,北杜市,ホクトシ
192104,山梨県,甲斐市,カイシ
192112,山梨県,笛吹市,フエフキシ
192121,山梨県,上野原市,ウエノハラシ
192139,山梨県,甲州市,コウシュウシ
192147,山梨県,中央市,チュウオウシ
193461,山梨県,市川三郷町,イチカワミサトチョウ
193640,山梨県,早川町,ハヤカワチョウ
193658,山梨県,身延町,ミノブチョウ
193666,山梨県,南部町,ナンブチョウ
193682,山梨県,富士川町,フジカワチョウ
193844,山梨県,昭和町,ショウワチョウ
194221,山梨県,道志村,ドウシムラ
194239,山梨県,西桂町,ニシカツラチョウ
194247,山梨県,忍野村,オシノムラ
194255,山梨県,山中湖村,ヤマナカコムラ
194298,山梨県,鳴沢村,ナルサワムラ
194301,山梨県,富士河口湖町,フジカワグチコマチ
194425,山梨県,小菅村,コスゲムラ
194433,山梨県,丹波山村,タバヤマムラ
202011,長野県,長野市,ナガノシ
202029,長野県,松本市,マツモトシ
202037,長野県,上田市,ウエダシ
202045,長野県,岡谷市,オカヤシ
202053,長野県,飯田市,イイダシ
202061,長野県,諏訪市,スワシ
202070,長野県,須坂市,スザカシ
202088,長野県,小諸市,コモロシ
202096,長野県,伊那市,イナシ
202100,長野県,駒ヶ根市,コマガネシ
202118,長野県,中野市,ナカノシ
202126,長野県,大町市,オオマチシ
202134,長野県,飯山市,イイヤマシ
202142,長野県,茅野市,チノシ
202151,長野県,塩尻市,シオジリシ
202177,長野県,佐久市,サクシ
202185,長野県,千曲市,チクマシ
202193,長野県,東御市,トウミシ
202207,長野県,安曇野市,アヅミノシ
203033,長野県,小海町,コウミマチ
203041,長野県,川上村,カワカミムラ
203050,長野県,南牧村,ミナミマキムラ
203068,長野県,南相木村,ミナミアイキムラ
203076,長野県,北相木村,キタアイキムラ
203092,長野県,佐久穂町,サクホマチ
203211,長野県,軽井沢町,カルイザワマチ
203238,長野県,御代田町,ミヨタマチ
203246,長野県,立科町,タテシナマチ
203491,長野県,青木村,アオキムラ
203505,長野県,長和町,ナガワマチ
203611,長野県,下諏訪町,シモスワマチ
203629,長野県,富士見町,フジミマチ
203637,長野県,原村,ハラムラ
203823,長野県,辰野町,タツノマチ
203831,長野県,箕輪町,ミノワマチ
203840,長野県,飯島町,イイジママチ
203858,長野県,南箕輪村,ミナミミノワムラ
203866,長野県,中川村,ナカガワムラ
203882,長野県,宮田村,ミヤダムラ
204021,長野県,松川町,マツカワマチ
204030,長野県,高森町,タカモリマチ
204048,長野県,阿南町,アナンチョウ
204072,長野県,阿智村,アチムラ
204099,長野県,平谷村,ヒラヤムラ
204102,長野県,根羽村,ネバムラ
204111,長野県,下條村,シモジョウムラ
204129,長野県,売木村,ウルギムラ
204137,長野県,天龍村,テンリュウムラ
204145,長野県,泰阜村,ヤスオカムラ
204153,長野県,喬木村,タカギムラ
204161,長野県,豊丘村,トヨオカムラ
204170,長野県,大鹿村,オオシカムラ
204226,長野県,上松町,アゲマツマチ
204234,長野県,南木曽町,ナギソマチ
204251,長野県,木祖村,キソムラ
204293,長野県,王滝村,オウタキムラ
204307,長野県,大桑村,オオクワムラ
204323,長野県,木曽町,キソマチ
204463,長野県,麻績村,オミムラ
204480,長野県,生坂村,イクサカムラ
204501,長野県,山形村,ヤマガタムラ
204510,長野県,朝日村,アサヒムラ
204528,長野県,筑北村,チクホクムラ
204811,長野県,池田町,イケダマチ
204820,長野県,松川村,マツカワムラ
204854,長野県,白馬村,ハクバムラ
204862,長野県,小谷村,オタリムラ
205214,長野県,坂城町,サカキマチ
205419,長野県,小布施町,オブセマチ
205435,長野県,高山村,タカヤマムラ
205613,長野県,山ノ内町,ヤマノウチマチ
205621,長野県,木島平村,キジマダイラムラ
205630,長野県,野沢温泉村,ノザワオンセンムラ
205834,長野県,信濃町,シナノマチ
205885,長野県,小川村,オガワムラ
205907,長野県,飯綱町,イイヅナマチ
206024,長野県,栄村,サカエムラ
212016,岐阜県,岐阜市,ギフシ
212024,岐阜県,大垣市,オオガキシ
212032,岐阜県,高山市,タカヤマシ
212041,岐阜県,多治見市,タジミシ
212059,岐阜県,関市,セキシ
212067,岐阜県,中津川市,ナカツガワシ
212075,岐阜県,美濃市,ミノシ
212083,岐阜県,瑞浪市,ミズナミシ
212091,岐阜県,羽島市,ハシマシ
212105,岐阜県,恵那市,エナシ
212113,岐阜県,美濃加茂市,ミノカモシ
212121,岐阜県,土岐市,トキシ
212130,岐阜県,各務原市,カカミガハラシ
212148,岐阜県,可児市,カニシ
212156,岐阜県,山県市,ヤマガタシ
212164,岐阜県,瑞穂市,ミズホシ
212172,岐阜県,飛騨市,ヒダシ
212181,岐阜県,本巣市,モトスシ
212199,岐阜県,郡上市,グジョウシ
212202,岐阜県,下呂市,ゲロシ
212211,岐阜県,海津市,カイヅシ
213021,岐阜県,岐南町,ギナンチョウ
213039,岐阜県,笠松町,カサマツチョウ
213411,岐阜県,養老町,ヨウロウチョウ
213616,岐阜県,垂井町,タルイチョウ
213624,岐阜県,関ケ原町,セキガハラチョウ
213811,岐阜県,神戸町,ゴウドチョウ
213829,岐阜県,輪之内町,ワノウチチョウ
213837,岐阜県,安八町,アンパチチョウ
214019,岐阜県,揖斐川町,イビガワチョウ
214035,岐阜県,大野町,オオノチョウ
214043,岐阜県,池田町,イケダチョウ
214213,岐阜県,北方町,キタガタチョウ
215015,岐阜県,坂祝町,サカホギチョウ
215023,岐阜県,富加町,トミカチョウ
215031,岐阜県,川辺町,カワベチョウ
215040,岐阜県,七宗町,ヒチソウチョウ
215058,岐阜県,八百津町,ヤオツチョウ
215066,岐阜県,白川町,シラカワチョウ
215074,岐阜県,東白川村,ヒガシシラカワムラ
215210,岐阜県,御嵩町,ミタケチョウ
216046,岐阜県,白川村,シラカワムラ
221007,静岡県,静岡市,シズオカシ
221309,静岡県,浜松市,ハママツシ
222038,静岡県,沼津市,ヌマヅシ
222054,静岡県,熱海市,アタミシ
222062,静岡県,三島市,ミシマシ
222071,静岡県,富士宮市,フジノミヤシ
222089,静岡県,伊東市,イトウシ
222097,静岡県,島田市,シマダシ
222101,静岡県,富士市,フジシ
222119,静岡県,磐田市,イワタシ
222127,静岡県,焼津市,ヤイヅシ
222135,静岡県,掛川市,カケガワシ
222143,静岡県,藤枝市,フジエダシ
222151,静岡県,御殿場市,ゴテンバシ
222160,静岡県,袋井市,フクロイシ
222194,静岡県,下田市,シモダシ
222208,静岡県,裾野市,スソノシ
222216,静岡県,湖西市,コサイシ
222224,静岡県,伊豆市,イズシ
222232,静岡県,御前崎市,オマエザキシ
222241,静岡県,菊川市,キクガワシ
222259,静岡県,伊豆の国市,イズノクニシ
222267,静岡県,牧之原市,マキノハラシ
223018,静岡県,東伊豆町,ヒガシイズチョウ
223026,静岡県,河津町,カワヅチョウ
223042,静岡県,南伊豆町,ミナミイズチョウ
223051,静岡県,松崎町,マツザキチョウ
223069,静岡県,西伊豆町,ニシイズチョウ
223255,静岡県,函南町,カンナミチョウ
223417,静岡県,清水町,シミズチョウ
223425,静岡県,長泉町,ナガイズミチョウ
223441,静岡県,小山町,オヤマチョウ
224243,静岡県,吉田町,ヨシダチョウ
224294,静岡県,川根本町,カワネホンチョウ
224618,静岡県,森町,モリマチ
231002,愛知県,名古屋市,ナゴヤシ
232017,愛知県,豊橋市,トヨハシシ
232025,愛知県,岡崎市,オカザキシ
232033,愛知県,一宮市,イチノミヤシ
232041,愛知県,瀬戸市,セトシ
232050,愛知県,半田市,ハンダシ
232068,愛知県,春日井市,カスガイシ
232076,愛知県,豊川市,トヨカワシ
232084,愛知県,津島市,ツシマシ
232092,愛知県,碧南市,ヘキナンシ
232106,愛知県,刈谷市,カリヤシ
232114,愛知県,豊田市,トヨタシ
232122,愛知県,安城市,アンジョウシ
232131,愛知県,西尾市,ニシオシ
232149,愛知県,蒲郡市,ガマゴオリシ
232157,愛知県,犬山市,イヌヤマシ
232165,愛知県,常滑市,トコナメシ
232173,愛知県,江南市,コウナンシ
232190,愛知県,小牧市,コマキシ
232203,愛知県,稲沢市,イナザワシ
232211,愛知県,新城市,シンシロシ
232220,愛知県,東海市,トウカイシ
232238,愛知県,大府市,オオブシ
232246,愛知県,知多市,チタシ
232254,愛知県,知立市,チリュウシ
232262,愛知県,尾張旭市,オワリアサヒシ
232271,愛知県,高浜市,タカハマシ
232289,愛知県,岩倉市,イワクラシ
232297,愛知県,豊明市,トヨアケシ
232301,愛知県,日進市,ニッシンシ
232319,愛知県,田原市,タハラシ
232327,愛知県,愛西市,アイサイシ
232335,愛知県,清須市,キヨスシ
232343,愛知県,北名古屋市,キタナゴヤシ
232351,愛知県,弥富市,ヤトミシ
232360,愛知県,みよし市,ミヨシシ
232378,愛知県,あま市,アマシ
232386,愛知県,長久手市,ナガクテシ
233021,愛知県,東郷町,トウゴウチョウ
233421,愛知県,豊山町,トヨヤマチョウ
233617,愛知県,大口町,オオグチチョウ
233625,愛知県,扶桑町,フソウチョウ
234249,愛知県,大治町,オオハルチョウ
234257,愛知県,蟹江町,カニエチョウ
234273,愛知県,飛島村,トビシマムラ
234419,愛知県,阿久比町,アグイチョウ
234427,愛知県,東浦町,ヒガシウラチョウ
234451,愛知県,南知多町,ミナミチタチョウ
234460,愛知県,美浜町,ミハマチョウ
234478,愛知県,武豊町,タケトヨチョウ
235016,愛知県,幸田町,コウタチョウ
235610,愛知県,設楽町,シタラチョウ
235628,愛知県,東栄町,トウエイチョウ
235636,愛知県,豊根村,トヨネムラ
242012,三重県,津市,ツシ
242021,三重県,四日市市,ヨッカイチシ
242039,三重県,伊勢市,イセシ
242047,三重県,松阪市,マツサカシ
242055,三重県,桑名市,クワナシ
242071,三重県,鈴鹿市,スズカシ
242080,三重県,名張市,ナバリシ
242098,三重県,尾鷲市,オワセシ
242101,三重県,亀山市,カメヤマシ
242110,三重県,鳥羽市,トバシ
242128,三重県,熊野市,クマノシ
242144,三重県,いなべ市,イナベシ
242152,三重県,志摩市,シマシ
242161,三重県,伊賀市,イガシ
243035,三重県,木曽岬町,キソサキチョウ
243248,三重県,東員町,トウインチョウ
243418,三重県,菰野町,コモノチョウ
243434,三重県,朝日町,アサヒチョウ
243442,三重県,川越町,カワゴエチョウ
244414,三重県,多気町,タキチョウ
244422,三重県,明和町,メイワチョウ
244431,三重県,大台町,オオダイチョウ
244619,三重県,玉城町,タマキチョウ
244708,三重県,度会町,ワタライチョウ
244716,三重県,大紀町,タイキチョウ
244724,三重県,南伊勢町,ミナミイセチョウ
245437,三重県,紀北町,キホクチョウ
245615,三重県,御浜町,ミハマチョウ
245623,三重県,紀宝町,キホウチョウ
252018,滋賀県,大津市,オオツシ
252026,滋賀県,彦根市,ヒコネシ
252034,滋賀県,長浜市,ナガハマシ
252042,滋賀県,近江八幡市,オウミハチマンシ
252069,滋賀県,草津市,クサツシ
252077,滋賀県,守山市,モリヤマシ
252085,滋賀県,栗東市,リットウシ
252093,滋賀県,甲賀市,コウカシ
252107,滋賀県,野洲市,ヤスシ
252115,滋賀県,湖南市,コナンシ
252123,滋賀県,高島市,タカシマシ
252131,滋賀県,東近江市,ヒガシオウミシ
252140,滋賀県,米原市,マイバラシ
253839,滋賀県,日野町,ヒノチョウ
253847,滋賀県,竜王町,リユウオウチョウ
254258,滋賀県,愛荘町,アイショウチョウ
254410,滋賀県,豊郷町,トヨサトチョウ
254428,滋賀県,甲良町,コウラチョウ
254436,滋賀県,多賀町,タガチョウ
261009,京都府,京都市,キョウトシ
262013,京都府,福知山市,フクチヤマシ
262021,京都府,舞鶴市,マイヅルシ
262030,京都府,綾部市,アヤベシ
262048,京都府,宇治市,ウジシ
262056,京都府,宮津市,ミヤヅシ
262064,京都府,亀岡市,カメオカシ
262072,京都府,城陽市,ジョウヨウシ
262081,京都府,向日市,ムコウシ
262099,京都府,長岡京市,ナガオカキョウシ
262102,京都府,八幡市,ヤワタシ
262111,京都府,京田辺市,キョウタナベシ
262129,京都府,京丹後市,キョウタンゴシ
262137,京都府,南丹市,ナンタンシ
262145,京都府,木津川市,キヅガワシ
263036,京都府,大山崎町,オオヤマザキチョウ
263222,京都府,久御山町,クミヤマチョウ
263435,京都府,井手町,イデチョウ
263443,京都府,宇治田原町,ウジタワラチョウ
263648,京都府,笠置町,カサギチョウ
263656,京都府,和束町,ワヅカチョウ
263664,京都府,精華町,セイカチョウ
263672,京都府,南山城村,ミナミヤマシロムラ
264075,京都府,京丹波町,キョウタンバチョウ
264636,京都府,伊根町,イネチョウ
264652,京都府,与謝野町,ヨサノチョウ
271004,大阪府,大阪市,オオサカシ
271403,大阪府,堺市,サカイシ
272027,大阪府,岸和田市,キシワダシ
272035,大阪府,豊中市,トヨナカシ
272043,大阪府,池田市,イケダシ
272051,大阪府,吹田市,スイタシ
272060,大阪府,泉大津市,イズミオオツシ
272078,大阪府,高槻市,タカツキシ
272086,大阪府,貝塚市,カイヅカシ
272094,大阪府,守口市,モリグチシ
272108,大阪府,枚方市,ヒラカタシ
272116,大阪府,茨木市,イバラキシ
272124,大阪府,八尾市,ヤオシ
272132,大阪府,泉佐野市,イズミサノシ
272141,大阪府,富田林市,トンダバヤシシ
272159,大阪府,寝屋川市,ネヤガワシ
272167,大阪府,河内長野市,カワチナガノシ
272175,大阪府,松原市,マツバラシ
272183,大阪府,大東市,ダイトウシ
272191,大阪府,和泉市,イズミシ
272205,大阪府,箕面市,ミノオシ
272213,大阪府,柏原市,カシワラシ
272221,大阪府,羽曳野市,ハビキノシ
272230,大阪府,門真市,カドマシ
272248,大阪府,摂津市,セッツシ
272256,大阪府,高石市,タカイシシ
272264,大阪府,藤井寺市,フジイデラシ
272272,大阪府,東大阪市,ヒガシオオサカシ
272281,大阪府,泉南市,センナンシ
272299,大阪府,四條畷市,シジヨウナワテシ
272302,大阪府,交野市,カタノシ
272311,大阪府,大阪狭山市,オオサカサヤマシ
272329,大阪府,阪南市,ハンナンシ
273015,大阪府,島本町,シマモトチョウ
273210,大阪府,豊能町,トヨノチョウ
273228,大阪府,能勢町,ノセチョウ
273414,大阪府,忠岡町,タダオカチョウ
273619,大阪府,熊取町,クマトリチョウ
273627,大阪府,田尻町,タジリチョウ
273660,大阪府,岬町,ミサキチョウ
273813,大阪府,太子町,タイシチョウ
273821,大阪府,河南町,カナンチョウ
273830,大阪府,千早赤阪村,チハヤアカサカムラ
281000,兵庫県,神戸市,コウベシ
282014,兵庫県,姫路市,ヒメジシ
282022,兵庫県,尼崎市,アマガサキシ
282031,兵庫県,明石市,アカシシ
282049,兵庫県,西宮市,ニシノミヤシ
282057,兵庫県,洲本市,スモトシ
282065,兵庫県,芦屋市,アシヤシ
282073,兵庫県,伊丹市,イタミシ
282081,兵庫県,相生市,アイオイシ
282090,兵庫県,豊岡市,トヨオカシ
282103,兵庫県,加古川市,カコガワシ
282120,兵庫県,赤穂市,アコウシ
282138,兵庫県,西脇市,ニシワキシ
282146,兵庫県,宝塚市,タカラヅカシ
282154,兵庫県,三木市,ミキシ
282162,兵庫県,高砂市,タカサゴシ
282171,兵庫県,川西市,カワニシシ
282189,兵庫県,小野市,オノシ
282197,兵庫県,三田市,サンダシ
282201,兵庫県,加西市,カサイシ
282219,兵庫県,篠山市,ササヤマシ
282227,兵庫県,養父市,ヤブシ
282235,兵庫県,丹波市,タンバシ
282243,兵庫県,南あわじ市,ミナミアワジシ
282251,兵庫県,朝来市,アサゴシ
282260,兵庫県,淡路市,アワジシ
282278,兵庫県,宍粟市,シソウシ
282286,兵庫県,加東市,カトウシ
282294,兵庫県,たつの市,タツノシ
283011,兵庫県,猪名川町,イナガワチョウ
283657,兵庫県,多可町,タカチョウ
283819,兵庫県,稲美町,イナミチョウ
283827,兵庫県,播磨町,ハリマチョウ
284424,兵庫県,市川町,イチカワチョウ
284432,兵庫県,福崎町,フクサキチョウ
284467,兵庫県,神河町,カミカワチョウ
284645,兵庫県,太子町,タイシチョウ
284815,兵庫県,上郡町,カミゴオリチョウ
285013,兵庫県,佐用町,サヨウチョウ
285854,兵庫県,香美町,カミチョウ
285862,兵庫県,新温泉町,シンオンセンチョウ
292010,奈良県,奈良市,ナラシ
292028,奈良県,大和高田市,ヤマトタカダシ
292036,奈良県,大和郡山市,ヤマトコオリヤマシ
292044,奈良県,天理市,テンリシ
292052,奈良県,橿原市,カシハラシ
292061,奈良県,桜井市,サクライシ
292079,奈良県,五條市,ゴジョウシ
292087,奈良県,御所市,ゴセシ
292095,奈良県,生駒市,イコマシ
292109,奈良県,香芝市,カシバシ
292117,奈良県,葛城市,カツラギシ
292125,奈良県,宇陀市,ウダシ
293229,奈良県,山添村,ヤマゾエムラ
293423,奈良県,平群町,ヘグリチョウ
293431,奈良県,三郷町,サンゴウチョウ
293440,奈良県,斑鳩町,イカルガチョウ
293458,奈良県,安堵町,アンドチョウ
293610,奈良県,川西町,カワニシチョウ
293628,奈良県,三宅町,ミヤケチョウ
293636,奈良県,田原本町,タワラモトチョウ
293857,奈良県,曽爾村,ソニムラ
293865,奈良県,御杖村,ミツエムラ
294012,奈良県,高取町,タカトリチョウ
294021,奈良県,明日香村,アスカムラ
294241,奈良県,上牧町,カンマキチョウ
294250,奈良県,王寺町,オウジチョウ
294268,奈良県,広陵町,コウリヨウチョウ
294276,奈良県,河合町,カワイチョウ
294411,奈良県,吉野町,ヨシノチョウ
294420,奈良県,大淀町,オオヨドチョウ
294438,奈良県,下市町,シモイチチョウ
294446,奈良県,黒滝村,クロタキムラ
294462,奈良県,天川村,テンカワムラ
294471,奈良県,野迫川村,ノセガワムラ
294497,奈良県,十津川村,トツカワムラ
294501,奈良県,下北山村,シモキタヤマムラ
294519,奈良県,上北山村,カミキタヤマムラ
294527,奈良県,川上村,カワカミムラ
294535,奈良県,東吉野村,ヒガシヨシノムラ
302015,和歌山県,和歌山市,ワカヤマシ
302023,和歌山県,海南市,カイナンシ
302031,和歌山県,橋本市,ハシモトシ
302040,和歌山県,有田市,アリダシ
302058,和歌山県,御坊市,ゴボウシ
302066,和歌山県,田辺市,タナベシ
302074,和歌山県,新宮市,シングウシ
302082,和歌山県,紀の川市,キノカワシ
302091,和歌山県,岩出市,イワデシ
303046,和歌山県,紀美野町,キミノチョウ
303411,和歌山県,かつらぎ町,カツラギチョウ
303437,和歌山県,九度山町,クドヤマチョウ
303445,和歌山県,高野町,コウヤチョウ
303615,和歌山県,湯浅町,ユアサチョウ
303623,和歌山県,広川町,ヒロガワチョウ
303666,和歌山県,有田川町,アリダガワチョウ
303810,和歌山県,美浜町,ミハマチョウ
303828,和歌山県,日高町,ヒダカチョウ
303836,和歌山県,由良町,ユラチョウ
303909,和歌山県,印南町,イナミチョウ
303917,和歌山県,みなべ町,ミナベチョウ
303925,和歌山県,日高川町,ヒダカガワチョウ
304018,和歌山県,白浜町,シラハマチョウ
304042,和歌山県,上富田町,カミトンダチョウ
304069,和歌山県,すさみ町,スサミチョウ
304212,和歌山県,那智勝浦町,ナチカツウラチョウ
304221,和歌山県,太地町,タイジチョウ
304247,和歌山県,古座川町,コザガワチョウ
304271,和歌山県,北山村,キタヤマムラ
304280,和歌山県,串本町,クシモトチョウ
312011,鳥取県,鳥取市,トットリシ
312029,鳥取県,米子市,ヨナゴシ
312037,鳥取県,倉吉市,クラヨシシ
312045,鳥取県,境港市,サカイミナトシ
313025,鳥取県,岩美町,イワミチョウ
313254,鳥取県,若桜町,ワカサチョウ
313289,鳥取県,智頭町,チヅチョウ
313297,鳥取県,八頭町,ヤズチョウ
313645,鳥取県,三朝町,ミササチョウ
313700,鳥取県,湯梨浜町,ユリハマチョウ
313718,鳥取県,琴浦町,コトウラチョウ
313726,鳥取県,北栄町,ホクエイチョウ
313840,鳥取県,日吉津村,ヒエヅソン
313866,鳥取県,大山町,ダイセンチョウ
313891,鳥取県,南部町,ナンブチョウ
313904,鳥取県,伯耆町,ホウキチョウ
314013,鳥取県,日南町,ニチナンチョウ
314021,鳥取県,日野町,ヒノチョウ
314030,鳥取県,江府町,コウフチョウ
322016,島根県,松江市,マツエシ
322024,島根県,浜田市,ハマダシ
322032,島根県,出雲市,イズモシ
322041,島根県,益田市,マスダシ
322059,島根県,大田市,オオダシ
322067,島根県,安来市,ヤスギシ
322075,島根県,江津市,ゴウツシ
322091,島根県,雲南市,ウンナンシ
323438,島根県,奥出雲町,オクイズモチョウ
323861,島根県,飯南町,イイナンチョウ
324418,島根県,川本町,カワモトマチ
324485,島根県,美郷町,ミサトチョウ
324493,島根県,邑南町,オオナンチョウ
325015,島根県,津和野町,ツワノチョウ
325058,島根県,吉賀町,ヨシカチョウ
325252,島根県,海士町,アマチョウ
325261,島根県,西ノ島町,ニシノシマチョウ
325279,島根県,知夫村,チブムラ
325287,島根県,隠岐の島町,オキノシマチョウ
331007,岡山県,岡山市,オカヤマシ
332020,岡山県,倉敷市,クラシキシ
332038,岡山県,津山市,ツヤマシ
332046,岡山県,玉野市,タマノシ
332054,岡山県,笠岡市,カサオカシ
332071,岡山県,井原市,イバラシ
332089,岡山県,総社市,ソウジヤシ
332097,岡山県,高梁市,タカハシシ
332101,岡山県,新見市,ニイミシ
332119,岡山県,備前市,ビゼンシ
332127,岡山県,瀬戸内市,セトウチシ
332135,岡山県,赤磐市,アカイワシ
332143,岡山県,真庭市,マニワシ
332151,岡山県,美作市,ミマサカシ
332160,岡山県,浅口市,アサクチシ
333468,岡山県,和気町,ワケチョウ
334235,岡山県,早島町,ハヤシマチョウ
334456,岡山県,里庄町,サトショウチョウ
334618,岡山県,矢掛町,ヤカゲチョウ
335860,岡山県,新庄村,シンジヨウソン
336068,岡山県,鏡野町,カガミノチョウ
336220,岡山県,勝央町,ショウオウチョウ
336238,岡山県,奈義町,ナギチョウ
336432,岡山県,西粟倉村,ニシアワクラソン
336637,岡山県,久米南町,クメナンチョウ
336661,岡山県,美咲町,ミサキチョウ
336815,岡山県,吉備中央町,キビチュウオウチョウ
341002,広島県,広島市,ヒロシマシ
342025,広島県,呉市,クレシ
342033,広島県,竹原市,タケハラシ
342041,広島県,三原市,ミハラシ
342050,広島県,尾道市,オノミチシ
342076,広島県,福山市,フクヤマシ
342084,広島県,府中市,フチュウシ
342092,広島県,三次市,ミヨシシ
342106,広島県,庄原市,ショウバラシ
342114,広島県,大竹市,オオタケシ
342122,広島県,東広島市,ヒガシヒロシマシ
342131,広島県,廿日市市,ハツカイチシ
342149,広島県,安芸高田市,アキタカタシ
342157,広島県,江田島市,エタジマシ
343021,広島県,府中町,フチュウチョウ
343048,広島県,海田町,カイタチョウ
343072,広島県,熊野町,クマノチョウ
343099,広島県,坂町,サカチョウ
343684,広島県,安芸太田町,アキオオタチョウ
343692,広島県,北広島町,キタヒロシマチョウ
344311,広島県,大崎上島町,オオサキカミジマチョウ
344621,広島県,世羅町,セラチョウ
345458,広島県,神石高原町,ジンセキコウゲンチョウ
352012,山口県,下関市,シモノセキシ
352021,山口県,宇部市,ウベシ
352039,山口県,山口市,ヤマグチシ
352047,山口県,萩市,ハギシ
352063,山口県,防府市,ホウフシ
352071,山口県,下松市,クダマツシ
352080,山口県,岩国市,イワクニシ
352101,山口県,光市,ヒカリシ
352110,山口県,長門市,ナガトシ
352128,山口県,柳井市,ヤナイシ
352136,山口県,美祢市,ミネシ
352152,山口県,周南市,シュウナンシ
352161,山口県,山陽小野田市,サンヨウオノダシ
353051,山口県,周防大島町,スオウオオシマチョウ
353213,山口県,和木町,ワキチョウ
353418,山口県,上関町,カミノセキチョウ
353434,山口県,田布施町,タブセチョウ
353442,山口県,平生町,ヒラオチョウ
355020,山口県,阿武町,アブチョウ
362018,徳島県,徳島市,トクシマシ
362026,徳島県,鳴門市,ナルトシ
362034,徳島県,小松島市,コマツシマシ
362042,徳島県,阿南市,アナンシ
362051,徳島県,吉野川市,ヨシノガワシ
362069,徳島県,阿波市,アワシ
362077,徳島県,美馬市,ミマシ
362085,徳島県,三好市,ミヨシシ
363014,徳島県,勝浦町,カツウラチョウ
363022,徳島県,上勝町,カミカツチョウ
363219,徳島県,佐那河内村,サナゴウチソン
363413,徳島県,石井町,イシイチョウ
363421,徳島県,神山町,カミヤマチョウ
363685,徳島県,那賀町,ナカチョウ
363839,徳島県,牟岐町,ムギチョウ
363871,徳島県,美波町,ミナミチョウ
363880,徳島県,海陽町,カイヨウチョウ
364011,徳島県,松茂町,マツシゲチョウ
364029,徳島県,北島町,キタジマチョウ
364037,徳島県,藍住町,アイズミチョウ
364045,徳島県,板野町,イタノチョウ
364053,徳島県,上板町,カミイタチョウ
364681,徳島県,つるぎ町,ツルギチョウ
364894,徳島県,東みよし町,ヒガシミヨシチョウ
372013,香川県,高松市,タカマツシ
372021,香川県,丸亀市,マルガメシ
372030,香川県,坂出市,サカイデシ
372048,香川県,善通寺市,ゼンツウジシ
372056,香川県,観音寺市,カンオンジシ
372064,香川県,さぬき市,サヌキシ
372072,香川県,東かがわ市,ヒガシカガワシ
372081,香川県,三豊市,ミトヨシ
373222,香川県,土庄町,トノショウチョウ
373249,香川県,小豆島町,ショウドシマチョウ
373419,香川県,三木町,ミキチョウ
373648,香川県,直島町,ナオシマチョウ
373869,香川県,宇多津町,ウタヅチョウ
373877,香川県,綾川町,アヤガワチョウ
374032,香川県,琴平町,コトヒラチョウ
374041,香川県,多度津町,タドツチョウ
374067,香川県,まんのう町,マンノウチョウ
382019,愛媛県,松山市,マツヤマシ
382027,愛媛県,今治市,イマバリシ
382035,愛媛県,宇和島市,ウワジマシ
382043,愛媛県,八幡浜市,ヤワタハマシ
382051,愛媛県,新居浜市,ニイハマシ
382060,愛媛県,西条市,サイジョウシ
382078,愛媛県,大洲市,オオズシ
382108,愛媛県,伊予市,イヨシ
382132,愛媛県,四国中央市,シコクチュウオウシ
382141,愛媛県,西予市,セイヨシ
382159,愛媛県,東温市,トウオンシ
383562,愛媛県,上島町,カミジマチョウ
383864,愛媛県,久万高原町,クマコウゲンチョウ
384011,愛媛県,松前町,マサキチョウ
384020,愛媛県,砥部町,トベチョウ
384224,愛媛県,内子町,ウチコチョウ
384429,愛媛県,伊方町,イカタチョウ
384844,愛媛県,松野町,マツノチョウ
384887,愛媛県,鬼北町,キホクチョウ
385069,愛媛県,愛南町,アイナンチョウ
392014,高知県,高知市,コウチシ
392022,高知県,室戸市,ムロトシ
392031,高知県,安芸市,アキシ
392049,高知県,南国市,ナンコクシ
392057,高知県,土佐市,トサシ
392065,高知県,須崎市,スサキシ
392081,高知県,宿毛市,スクモシ
392090,高知県,土佐清水市,トサシミズシ
392103,高知県,四万十市,シマントシ
392111,高知県,香南市,コウナンシ
392120,高知県,香美市,カミシ
393011,高知県,東洋町,トウヨウチョウ
393029,高知県,奈半利町,ナハリチョウ
393037,高知県,田野町,タノチョウ
393045,高知県,安田町,ヤスダチョウ
393053,高知県,北川村,キタガワムラ
393061,高知県,馬路村,ウマジムラ
393070,高知県,芸西村,ゲイセイムラ
393410,高知県,本山町,モトヤマチョウ
393444,高知県,大豊町,オオトヨチョウ
393631,高知県,土佐町,トサチョウ
393649,高知県,大川村,オオカワムラ
393860,高知県,いの町,イノチョウ
393878,高知県,仁淀川町,ニヨドガワチョウ
394017,高知県,中土佐町,ナカトサチョウ
394025,高知県,佐川町,サカワチョウ
394033,高知県,越知町,オチチョウ
394050,高知県,梼原町,ユスハラチョウ
394106,高知県,日高村,ヒダカムラ
394114,高知県,津野町,ツノチョウ
394122,高知県,四万十町,シマントチョウ
394246,高知県,大月町,オオツキチョウ
394271,高知県,三原村,ミハラムラ
394289,高知県,黒潮町,クロシオチョウ
401005,福岡県,北九州市,キタキュウシュウシ
401307,福岡県,福岡市,フクオカシ
402028,福岡県,大牟田市,オオムタシ
402036,福岡県,久留米市,クルメシ
402044,福岡県,直方市,ノオガタシ
402052,福岡県,飯塚市,イイヅカシ
402061,福岡県,田川市,タガワシ
402079,福岡県,柳川市,ヤナガワシ
402109,福岡県,八女市,ヤメシ
402117,福岡県,筑後市,チクゴシ
402125,福岡県,大川市,オオカワシ
402133,福岡県,行橋市,ユクハシシ
402141,福岡県,豊前市,ブゼンシ
402150,福岡県,中間市,ナカマシ
402168,福岡県,小郡市,オゴオリシ
402176,福岡県,筑紫野市,チクシノシ
402184,福岡県,春日市,カスガシ
402192,福岡県,大野城市,オオノジョウシ
402206,福岡県,宗像市,ムナカタシ
402214,福岡県,太宰府市,ダザイフシ
402231,福岡県,古賀市,コガシ
402249,福岡県,福津市,フクツシ
402257,福岡県,うきは市,ウキハシ
402265,福岡県,宮若市,ミヤワカシ
402273,福岡県,嘉麻市,カマシ
402281,福岡県,朝倉市,アサクラシ
402290,福岡県,みやま市,ミヤマシ
402303,福岡県,糸島市,イトシマシ
402311,福岡県,那珂川市,ナカガワシ
403415,福岡県,宇美町,ウミマチ
403423,福岡県,篠栗町,ササグリマチ
403431,福岡県,志免町,シメマチ
403440,福岡県,須恵町,スエマチ
403458,福岡県,新宮町,シングウマチ
403482,福岡県,久山町,ヒサヤママチ
403491,福岡県,粕屋町,カスヤマチ
403814,福岡県,芦屋町,アシヤマチ
403822,福岡県,水巻町,ミズマキマチ
403831,福岡県,岡垣町,オカガキマチ
403849,福岡県,遠賀町,オンガチョウ
404012,福岡県,小竹町,コタケマチ
404021,福岡県,鞍手町,クラテマチ
404217,福岡県,桂川町,ケイセンマチ
404471,福岡県,筑前町,チクゼンマチ
404489,福岡県,東峰村,トウホウムラ
405035,福岡県,大刀洗町,タチアライマチ
405221,福岡県,大木町,オオキマチ
405442,福岡県,広川町,ヒロカワマチ
406015,福岡県,香春町,カワラマチ
406023,福岡県,添田町,ソエダマチ
406040,福岡県,糸田町,イトダマチ
406058,福岡県,川崎町,カワサキマチ
406082,福岡県,大任町,オオトウマチ
406091,福岡県,赤村,アカムラ
406104,福岡県,福智町,フクチマチ
406210,福岡県,苅田町,カンダマチ
406252,福岡県,みやこ町,ミヤコマチ
406422,福岡県,吉富町,ヨシトミマチ
406465,福岡県,上毛町,コウゲマチ
406473,福岡県,築上町,チクジョウマチ
412015,佐賀県,佐賀市,サガシ
412023,佐賀県,唐津市,カラツシ
412031,佐賀県,鳥栖市,トスシ
412040,佐賀県,多久市,タクシ
412058,佐賀県,伊万里市,イマリシ
412066,佐賀県,武雄市,タケオシ
412074,佐賀県,鹿島市,カシマシ
412082,佐賀県,小城市,オギシ
412091,佐賀県,嬉野市,ウレシノシ
412104,佐賀県,神埼市,カンザキシ
413275,佐賀県,吉野ヶ里町,ヨシノガリチョウ
413411,佐賀県,基山町,キヤマチョウ
413453,佐賀県,上峰町,カミミネチョウ
413461,佐賀県,みやき町,ミヤキチョウ
413879,佐賀県,玄海町,ゲンカイチョウ
414018,佐賀県,有田町,アリタチョウ
414239,佐賀県,大町町,オオマチチョウ
414247,佐賀県,江北町,コウホクマチ
414255,佐賀県,白石町,シロイシチョウ
414417,佐賀県,太良町,タラチョウ
422011,長崎県,長崎市,ナガサキシ
422029,長崎県,佐世保市,サセボシ
422037,長崎県,島原市,シマバラシ
422045,長崎県,諫早市,イサハヤシ
422053,長崎県,大村市,オオムラシ
422070,長崎県,平戸市,ヒラドシ
422088,長崎県,松浦市,マツウラシ
422096,長崎県,対馬市,ツシマシ
422100,長崎県,壱岐市,イキシ
422118,長崎県,五島市,ゴトウシ
422126,長崎県,西海市,サイカイシ
422134,長崎県,雲仙市,ウンゼンシ
422142,長崎県,南島原市,ミナミシマバラシ
423076,長崎県,長与町,ナガヨチョウ
423084,長崎県,時津町,トギツチョウ
423211,長崎県,東彼杵町,ヒガシソノギチョウ
423220,長崎県,川棚町,カワタナチョウ
423238,長崎県,波佐見町,ハサミチョウ
423831,長崎県,小値賀町,オヂカチョウ
423912,長崎県,佐々町,サザチョウ
424111,長崎県,新上五島町,シンカミゴトウチョウ
431001,熊本県,熊本市,クマモトシ
432024,熊本県,八代市,ヤツシロシ
432032,熊本県,人吉市,ヒトヨシシ
432041,熊本県,荒尾市,アラオシ
432059,熊本県,水俣市,ミナマタシ
432067,熊本県,玉名市,タマナシ
432083,熊本県,山鹿市,ヤマガシ
432105,熊本県,菊池市,キクチシ
432113,熊本県,宇土市,ウトシ
432121,熊本県,上天草市,カミアマクサシ
432130,熊本県,宇城市,ウキシ
432148,熊本県,阿蘇市,アソシ
432156,熊本県,天草市,アマクサシ
432164,熊本県,合志市,コウシシ
433489,熊本県,美里町,ミサトマチ
433641,熊本県,玉東町,ギョクトウマチ
433675,熊本県,南関町,ナンカンマチ
433683,熊本県,長洲町,ナガスマチ
433691,熊本県,和水町,ナゴミマチ
434035,熊本県,大津町,オオヅマチ
434043,熊本県,菊陽町,キクヨウマチ
434230,熊本県,南小国町,ミナミオグニマチ
434248,熊本県,小国町,オグニマチ
434256,熊本県,産山村,ウブヤマムラ
434281,熊本県,高森町,タカモリマチ
434329,熊本県,西原村,ニシハラムラ
434337,熊本県,南阿蘇村,ミナミアソムラ
434418,熊本県,御船町,ミフネマチ
434426,熊本県,嘉島町,カシママチ
434434,熊本県,益城町,マシキマチ
434442,熊本県,甲佐町,コウサマチ
434477,熊本県,山都町,ヤマトチョウ
434680,熊本県,氷川町,ヒカワチョウ
434825,熊本県,芦北町,アシキタマチ
434841,熊本県,津奈木町,ツナギマチ
435015,熊本県,錦町,ニシキマチ
435058,熊本県,多良木町,タラギマチ
435066,熊本県,湯前町,ユノマエマチ
435074,熊本県,水上村,ミズカミムラ
435104,熊本県,相良村,サガラムラ
435112,熊本県,五木村,イツキムラ
435121,熊本県,山江村,ヤマエムラ
435139,熊本県,球磨村,クマムラ
435147,熊本県,あさぎり町,アサギリチョウ
435317,熊本県,苓北町,レイホクマチ
442011,大分県,大分市,オオイタシ
442020,大分県,別府市,ベップシ
442038,大分県,中津市,ナカツシ
442046,大分県,日田市,ヒタシ
442054,大分県,佐伯市,サイキシ
442062,大分県,臼杵市,ウスキシ
442071,大分県,津久見市,ツクミシ
442089,大分県,竹田市,タケタシ
442097,大分県,豊後高田市,ブンゴタカダシ
442101,大分県,杵築市,キツキシ
442119,大分県,宇佐市,ウサシ
442127,大分県,豊後大野市,ブンゴオオノシ
442135,大分県,由布市,ユフシ
442143,大分県,国東市,クニサキシ
443221,大分県,姫島村,ヒメシマムラ
443417,大分県,日出町,ヒジマチ
444618,大分県,九重町,ココノエマチ
444626,大分県,玖珠町,クスマチ
452017,宮崎県,宮崎市,ミヤザキシ
452025,宮崎県,都城市,ミヤコノジョウシ
452033,宮崎県,延岡市,ノベオカシ
452041,宮崎県,日南市,ニチナンシ
452050,宮崎県,小林市,コバヤシシ
452068,宮崎県,日向市,ヒュウガシ
452076,宮崎県,串間市,クシマシ
452084,宮崎県,西都市,サイトシ
452092,宮崎県,えびの市,エビノシ
453412,宮崎県,三股町,ミマタチョウ
453617,宮崎県,高原町,タカハルチョウ
453820,宮崎県,国富町,クニトミチョウ
453838,宮崎県,綾町,アヤチョウ
454010,宮崎県,高鍋町,タカナベチョウ
454028,宮崎県,新富町,シントミチョウ
454036,宮崎県,西米良村,ニシメラソン
454044,宮崎県,木城町,キジョウチョウ
454052,宮崎県,川南町,カワミナミチョウ
454061,宮崎県,都農町,ツノチョウ
454214,宮崎県,門川町,カドガワチョウ
454290,宮崎県,諸塚村,モロツカソン
454303,宮崎県,椎葉村,シイバソン
454311,宮崎県,美郷町,ミサトチョウ
454419,宮崎県,高千穂町,タカチホチョウ
454427,宮崎県,日之影町,ヒノカゲチョウ
454435,宮崎県,五ヶ瀬町,ゴカセチョウ
462012,鹿児島県,鹿児島市,カゴシマシ
462039,鹿児島県,鹿屋市,カノヤシ
462047,鹿児島県,枕崎市,マクラザキシ
462063,鹿児島県,阿久根市,アクネシ
462080,鹿児島県,出水市,イズミシ
462101,鹿児島県,指宿市,イブスキシ
462136,鹿児島県,西之表市,ニシノオモテシ
462144,鹿児島県,垂水市,タルミズシ
462152,鹿児島県,薩摩川内市,サツマセンダイシ
462161,鹿児島県,日置市,ヒオキシ
462179,鹿児島県,曽於市,ソオシ
462187,鹿児島県,霧島市,キリシマシ
462195,鹿児島県,いちき串木野市,イチキクシキノシ
462209,鹿児島県,南さつま市,ミナミサツマシ
462217,鹿児島県,志布志市,シブシシ
462225,鹿児島県,奄美市,アマミシ
462233,鹿児島県,南九州市,ミナミキュウシュウシ
462241,鹿児島県,伊佐市,イサシ
462250,鹿児島県,姶良市,アイラシ
463035,鹿児島県,三島村,ミシマムラ
463043,鹿児島県,十島村,トシマムラ
463922,鹿児島県,さつま町,サツマチョウ
464040,鹿児島県,長島町,ナガシマチョウ
464520,鹿児島県,湧水町,ユウスイチョウ
464686,鹿児島県,大崎町,オオサキチョウ
464821,鹿児島県,東串良町,ヒガシクシラチョウ
464902,鹿児島県,錦江町,キンコウチョウ
464911,鹿児島県,南大隅町,ミナミオオスミチョウ
464929,鹿児島県,肝付町,キモツキチョウ
465011,鹿児島県,中種子町,ナカタネチョウ
465020,鹿児島県,南種子町,ミナミタネチョウ
465054,鹿児島県,屋久島町,ヤクシマチョウ
465232,鹿児島県,大和村,ヤマトソン
465241,鹿児島県,宇検村,ウケンソン
465259,鹿児島県,瀬戸内町,セトウチチョウ
465275,鹿児島県,龍郷町,タツゴウチョウ
465291,鹿児島県,喜界町,キカイチョウ
465305,鹿児島県,徳之島町,トクノシマチョウ
465313,鹿児島県,天城町,アマギチョウ
465321,鹿児島県,伊仙町,イセンチョウ
465330,鹿児島県,和泊町,ワドマリチョウ
465348,鹿児島県,知名町,チナチョウ
465356,鹿児島県,与論町,ヨロンチョウ
472018,沖縄県,那覇市,ナハシ
472051,沖縄県,宜野湾市,ギノワンシ
472077,沖縄県,石垣市,イシガキシ
472085,沖縄県,浦添市,ウラソエシ
472093,沖縄県,名護市,ナゴシ
472107,沖縄県,糸満市,イトマンシ
472115,沖縄県,沖縄市,オキナワシ
472123,沖縄県,豊見城市,トミグスクシ
472131,沖縄県,うるま市,ウルマシ
472140,沖縄県,宮古島市,ミヤコジマシ
472158,沖縄県,南城市,ナンジョウシ
473014,沖縄県,国頭村,クニガミソン
473022,沖縄県,大宜味村,オオギミソン
473031,沖縄県,東村,ヒガシソン
473065,沖縄県,今帰仁村,ナキジンソン
473081,沖縄県,本部町,モトブチョウ
473111,沖縄県,恩納村,オンナソン
473138,沖縄県,宜野座村,ギノザソン
473146,沖縄県,金武町,キンチョウ
473154,沖縄県,伊江村,イエソン
473243,沖縄県,読谷村,ヨミタンソン
473251,沖縄県,嘉手納町,カデナチョウ
473260,沖縄県,北谷町,チヤタンチョウ
473278,沖縄県,北中城村,キタナカグスクソン
473286,沖縄県,中城村,ナカグスクソン
473294,沖縄県,西原町,ニシハラチョウ
473481,沖縄県,与那原町,ヨナバルチョウ
473502,沖縄県,南風原町,ハエバルチョウ
473537,沖縄県,渡嘉敷村,トカシキソン
473545,沖縄県,座間味村,ザマミソン
473553,沖縄県,粟国村,アグニソン
473561,沖縄県,渡名喜村,トナキソン
473570,沖縄県,南大東村,ミナミダイトウソン
473588,沖縄県,北大東村,キタダイトウソン
473596,沖縄県,伊平屋村,イヘヤソン
473600,沖縄県,伊是名村,イゼナソン
473618,沖縄県,久米島町,クメジマチョウ
473626,沖縄県,八重瀬町,ヤエセチョウ
473758,沖縄県,多良間村,タラマソン
473812,沖縄県,竹富町,タケトミチョウ
473821,沖縄県,与那国町,ヨナグニチョウ
