1,旭川医科大学大学院,医学系研究科
2,旭川大学大学院,地域政策研究科
3,小樽商科大学大学院,商学研究科
4,帯広畜産大学大学院,畜産学研究科
5,青森県立保健大学大学院,健康科学研究科
6,青森公立大学大学院,経営経済学研究科
7,青森中央学院大学大学院,地域マネジメント研究科
8,岩手県立大学大学院,看護学研究科
9,岩手県立大学大学院,社会福祉学研究科
10,岩手県立大学大学院,ソフトウェア情報学研究科
11,岩手県立大学大学院,総合政策研究科
12,岩手医科大学大学院,医学研究科
13,岩手医科大学大学院,歯学研究科
14,岩手医科大学大学院,薬学研究科
15,岩手大学大学院,総合科学研究科
16,岩手大学大学院,教育学研究科
17,岩手大学大学院,工学研究科
18,岩手大学大学院,岩手大学大学院連合農学研究科
19,岩手大学大学院,獣医学研究科
20,石巻専修大学大学院,理工学研究科
21,石巻専修大学大学院,経営学研究科
22,秋田県立大学大学院,システム科学技術研究科
23,秋田県立大学大学院, システム科学技術研究科
24,秋田県立大学大学院,生物資源科学研究科
25,秋田大学大学院,教育学研究科
26,秋田大学大学院,理工学研究科
27,秋田大学大学院,国際資源学研究科
28,秋田大学大学院,医学系研究科
29,会津大学大学院,コンピュータ理工学研究科
30,いわき明星大学大学院,理工学研究科
31,いわき明星大学大学院,人文学研究科
32,奥羽大学大学院,歯学研究科
33,茨城キリスト教大学大学院,文学研究科
34,茨城キリスト教大学大学院,生活科学研究科
35,茨城キリスト教大学大学院,看護学研究科
36,茨城県立医療大学大学院,保健医療科学研究科
37,茨城大学大学院,人文科学研究科
38,茨城大学大学院,教育学研究科
39,茨城大学大学院,理工学研究科
40,茨城大学大学院,農学研究科
41,茨城大学大学院,東京農工大学大学院連合農学研究科
42,足利工業大学大学院,工学研究科
43,宇都宮大学大学院,国際学研究科
44,宇都宮大学大学院,教育学研究科
45,宇都宮大学大学院,工学研究科
46,宇都宮大学大学院,農学研究科
47,宇都宮大学大学院,東京農工大学大学院連合農学研究科
48,青山学院大学大学院,文学研究科
49,青山学院大学大学院,教育人間科学研究科
50,青山学院大学大学院,経済学研究科
51,青山学院大学大学院,法学研究科
52,青山学院大学大学院,経営学研究科
53,青山学院大学大学院,国際政治経済学研究科
54,青山学院大学大学院,総合文化政策学研究科
55,青山学院大学大学院,理工学研究科
56,青山学院大学大学院,社会情報学研究科
57,青山学院大学大学院,国際マネジメント研究科
58,青山学院大学大学院,会計プロフェッション研究科
59,亜細亜大学大学院,アジア・国際経営戦略研究科
60,亜細亜大学大学院,経済学研究科
61,亜細亜大学大学院,法学研究科
62,跡見学園女子大学大学院,マネジメント研究科
63,跡見学園女子大学大学院,人文科学研究科
64,桜美林大学大学院,国際学研究科
65,桜美林大学大学院,経営学研究科
66,桜美林大学大学院,言語教育研究科
67,桜美林大学大学院,心理学研究科
68,桜美林大学大学院,老年学研究科
69,桜美林大学大学院,大学アドミニストレーション研究科
70,大妻女子大学大学院,人間文化研究科
71,大原大学院大学,会計研究科
72,お茶の水女子大学大学院,人間文化創成科学研究科
73,麻布大学大学院,獣医学研究科
74,麻布大学大学院,環境保健学研究科
75,石川県立看護大学大学院,看護学研究科
76,石川県立大学大学院,生物資源環境学研究科
77,朝日大学大学院,法学研究科
78,朝日大学大学院,経営学研究科
79,朝日大学大学院,歯学研究科
80,愛知医科大学大学院,医学研究科
81,愛知医科大学大学院,看護学研究科
82,愛知学院大学大学院,文学研究科
83,愛知学院大学大学院,心身科学研究科
84,愛知学院大学大学院,商学研究科
85,愛知学院大学大学院,経営学研究科
86,愛知学院大学大学院,経済学研究科
87,愛知学院大学大学院,法学研究科
88,愛知学院大学大学院,総合政策研究科
89,愛知学院大学大学院,薬学研究科
90,愛知学院大学大学院,歯学研究科
91,愛知教育大学大学院,教育学研究科
92,愛知教育大学大学院,教育実践研究科
93,愛知県立芸術大学大学院,美術研究科
94,愛知県立芸術大学大学院,音楽研究科
95,愛知県立大学大学院,国際文化研究科
96,愛知県立大学大学院,人間発達学研究科
97,愛知県立大学大学院,看護学研究科
98,愛知県立大学大学院,情報科学研究科
99,愛知工科大学大学院,工学研究科
100,愛知工業大学大学院,工学研究科
101,愛知工業大学大学院,経営情報科学研究科
102,愛知産業大学大学院,造形学研究科
103,愛知淑徳大学大学院,文化創造研究科
104,愛知淑徳大学大学院,教育学研究科
105,愛知淑徳大学大学院,心理医療科学研究科
106,愛知淑徳大学大学院,グローバルカルチャー・コミュニケーション研究科
107,愛知淑徳大学大学院,ビジネス研究科
108,愛知大学大学院,法学研究科
109,愛知大学大学院,経済学研究科
110,愛知大学大学院,経営学研究科
111,愛知大学大学院,中国研究科
112,愛知大学大学院,国際コミュニケーション研究科
113,愛知大学大学院,文学研究科
114,愛知大学大学院,法務研究科
115,愛知文教大学大学院,国際文化研究科
116,愛知みずほ大学大学院,人間科学研究科
117,桜花学園大学大学院,人間文化研究科
118,大谷大学大学院,文学研究科
119,藍野大学大学院（2015年4月開設）,看護学研究科
120,追手門学院大学大学院,経営・経済研究科
121,追手門学院大学大学院,心理学研究科
122,追手門学院大学大学院,現代社会文化研究科
123,大阪医科大学大学院, 医学研究科
124,大阪医科大学大学院,看護学研究科
125,大阪大谷大学大学院,文学研究科
126,大阪音楽大学大学院,音楽研究科
127,大阪学院大学大学院,商学研究科
128,大阪学院大学大学院,経済学研究科
129,大阪学院大学大学院,国際学研究科
130,大阪学院大学大学院,法学研究科
131,大阪学院大学大学院,コンピュータサイエンス研究科
132,大阪教育大学大学院,教育学研究科
133,大阪教育大学大学院,連合教職実践研究科
134,大阪経済大学大学院,経済学研究科
135,大阪経済大学大学院,経営学研究科
136,大阪経済大学大学院,経営情報研究科
137,大阪経済大学大学院,人間科学研究科
138,大阪経済法科大学大学院,経済学研究科
139,大阪芸術大学大学院,芸術研究科
140,大阪工業大学大学院,ロボティクス＆デザイン工学研究科
141,大阪工業大学大学院,工学研究科
142,大阪工業大学大学院,情報科学研究科
143,大阪工業大学大学院,知的財産研究科
144,大阪国際大学大学院,経営情報学研究科
145,大阪産業大学大学院,工学研究科
146,大阪産業大学大学院,経済学研究科
147,大阪産業大学大学院,経営・流通学研究科
148,大阪産業大学大学院,人間環境学研究科
149,大阪歯科大学大学院,歯学研究科
150,大阪樟蔭女子大学大学院,人間科学研究科
151,大阪商業大学大学院,地域政策学研究科
152,大阪市立大学大学院,経営学研究科
153,大阪市立大学大学院,経済学研究科
154,大阪市立大学大学院,法学研究科
155,大阪市立大学大学院,文学研究科
156,大阪市立大学大学院,理学研究科
157,大阪市立大学大学院,工学研究科
158,大阪市立大学大学院,医学研究科
159,大阪市立大学大学院,看護学研究科
160,大阪市立大学大学院,生活科学研究科
161,大阪市立大学大学院,創造都市研究科
162,大阪女学院大学大学院,21世紀国際共生研究科
163,大阪総合保育大学大学院,児童保育研究科
164,大阪体育大学大学院,スポーツ科学研究科
165,大阪大学大学院,文学研究科
166,大阪大学大学院,人間科学研究科
167,大阪大学大学院,法学研究科
168,大阪大学大学院,経済学研究科
169,大阪大学大学院,理学研究科
170,大阪大学大学院,医学系研究科
171,大阪大学大学院,歯学研究科
172,大阪大学大学院,薬学研究科
173,大阪大学大学院,工学研究科
174,大阪大学大学院,基礎工学研究科
175,大阪大学大学院,言語文化研究科
176,大阪大学大学院,国際公共政策研究科
177,大阪大学大学院,情報科学研究科
178,大阪大学大学院,生命機能研究科
179,大阪大学大学院,高等司法研究科
180,大阪大学大学院,大阪大学・金沢大学・浜松医科大学・千葉大学・福井大学連合小児発達学研究科
181,大阪電気通信大学大学院,工学研究科
182,大阪電気通信大学大学院,医療福祉工学研究科
183,大阪電気通信大学大学院,総合情報学研究科
184,大阪人間科学大学大学院,人間科学研究科
185,大阪府立大学大学院,工学研究科
186,大阪府立大学大学院,生命環境科学研究科
187,大阪府立大学大学院,理学系研究科
188,大阪府立大学大学院,経済学研究科
189,大阪府立大学大学院,人間社会システム科学研究科
190,大阪府立大学大学院,看護学研究科
191,大阪府立大学大学院,総合リハビリテーション学研究科
192,大阪保健医療大学大学院,保健医療学研究科
193,大阪薬科大学大学院,薬学研究科
194,芦屋大学大学院,教育学研究科
195,大手前大学大学院,比較文化研究科
196,岡山県立大学大学院,保健福祉学研究科
197,岡山県立大学大学院,情報系工学研究科
198,岡山県立大学大学院,デザイン学研究科
199,岡山商科大学大学院,商学研究科
200,岡山商科大学大学院,法学研究科
201,岡山商科大学大学院,経済学研究科
202,岡山大学大学院,教育学研究科
203,岡山大学大学院,社会文化科学研究科
204,岡山大学大学院,自然科学研究科
205,岡山大学大学院,保健学研究科
206,岡山大学大学院,環境生命科学研究科
207,岡山大学大学院,医歯薬学総合研究科
208,岡山大学大学院,法務研究科
209,岡山大学大学院,ヘルスシステム統合科学研究科
210,岡山大学大学院,兵庫教育大学大学院連合学校教育学研究科
211,岡山理科大学大学院,理学研究科
212,岡山理科大学大学院,工学研究科
213,岡山理科大学大学院,総合情報研究科
214,岡山理科大学大学院,生物地球科学研究科
215,エリザベト音楽大学大学院,音楽研究科
216,尾道大学大学院,美術研究科
217,尾道大学大学院,日本文学研究科
218,尾道大学大学院,経済情報研究科
219,宇部フロンティア大学大学院,人間科学研究科
220,愛媛県立医療技術大学大学院,保健医療学研究科
221,愛媛大学大学院,法文学研究科
222,愛媛大学大学院,教育学研究科
223,愛媛大学大学院,医学系研究科
224,愛媛大学大学院,理工学研究科
225,愛媛大学大学院,農学研究科
226,愛媛大学大学院,愛媛大学大学院連合農学研究科
227,大分県立看護科学大学大学院,看護学研究科
228,大分大学大学院,教育学研究科
229,大分大学大学院,経済学研究科
230,大分大学大学院,工学研究科
231,大分大学大学院,医学研究科
232,大分大学大学院,福祉社会科学研究科
233,沖縄科学技術大学院大学,科学技術研究科
234,沖縄キリスト教学院大学大学院,異文化コミュニケーション学研究科
235,沖縄県立看護大学大学院,保健看護学研究科
236,沖縄県立芸術大学大学院,造形芸術研究科
237,沖縄県立芸術大学大学院,音楽芸術研究科
238,沖縄県立芸術大学大学院,芸術文化学研究科
239,沖縄国際大学大学院,地域文化研究科
240,沖縄国際大学大学院,地域産業研究科
241,沖縄国際大学大学院,法学研究科
242,沖縄大学大学院,現代沖縄研究科
243,北見工業大学大学院,工学研究科
244,公立はこだて未来大学大学院,システム情報科学研究科
245,国際教養大学大学院,グローバル・コミュニケーション実践研究科
246,郡山女子大学大学院,人間生活学研究科
247,国際医療福祉大学大学院,薬科学研究科
248,国際医療福祉大学大学院,薬学研究科
249,国際医療福祉大学大学院,医療福祉学研究科
250,群馬医療福祉大学大学院,社会福祉学研究科
251,群馬県立県民健康科学大学大学院,看護学研究科
252,群馬県立県民健康科学大学大学院,診療放射線学研究科
253,群馬県立女子大学大学院,文学研究科
254,群馬県立女子大学大学院,国際コミュニケーション研究科
255,群馬大学大学院,教育学研究科
256,群馬大学大学院,社会情報学研究科
257,群馬大学大学院,医学系研究科
258,群馬大学大学院,保健学研究科
259,群馬大学大学院,理工学府
260,群馬パース大学大学院,保健科学研究科
261,川村学園女子大学大学院,人文科学研究科
262,神田外語大学大学院,言語科学研究科
263,国際武道大学大学院,武道・スポーツ研究科
264,嘉悦大学大学院,ビジネス創造研究科
265,学習院女子大学大学院,国際文化交流研究科
266,学習院大学大学院,法学研究科
267,学習院大学大学院,政治学研究科
268,学習院大学大学院,経済学研究科
269,学習院大学大学院,経営学研究科
270,学習院大学大学院,人文科学研究科
271,学習院大学大学院,自然科学研究科
272,学習院大学大学院,法務研究科
273,北里大学大学院,理学研究科
274,北里大学大学院,獣医学系研究科
275,北里大学大学院,海洋生命科学研究科
276,北里大学大学院,薬学研究科
277,北里大学大学院,看護学研究科
278,北里大学大学院,医療系研究科
279,北里大学大学院,感染制御科学府
280,共立女子大学大学院,家政学研究科
281,共立女子大学大学院,文芸学研究科
282,共立女子大学大学院,国際学研究科
283,共立女子大学大学院,看護学研究科
284,杏林大学大学院,医学研究科
285,杏林大学大学院,保健学研究科
286,杏林大学大学院,国際協力研究科
287,グロービス経営大学院大学,経営研究科
288,慶應義塾大学大学院,文学研究科
289,慶應義塾大学大学院,経済学研究科
290,慶應義塾大学大学院,法学研究科
291,慶應義塾大学大学院,社会学研究科
292,慶應義塾大学大学院,商学研究科
293,慶應義塾大学大学院,医学研究科
294,慶應義塾大学大学院,理工学研究科
295,慶應義塾大学大学院,経営管理研究科
296,慶應義塾大学大学院,政策・メディア研究科
297,慶應義塾大学大学院,健康マネジメント研究科
298,慶應義塾大学大学院,システムデザイン・マネジメント研究科
299,慶應義塾大学大学院,メディアデザイン研究科
300,慶應義塾大学大学院,薬学研究科
301,慶應義塾大学大学院,法務研究科
302,恵泉女学園大学大学院,人文学研究科
303,恵泉女学園大学大学院,平和学研究科
304,工学院大学大学院,工学研究科
305,國學院大學大学院,文学研究科
306,國學院大學大学院,法学研究科
307,國學院大學大学院,経済学研究科
308,国際基督教大学大学院,アーツ・サイエンス研究科
309,国際仏教学大学院大学,仏教学研究科
310,国士舘大学大学院,政治学研究科
311,国士舘大学大学院,経済学研究科
312,国士舘大学大学院,経営学研究科
313,国士舘大学大学院,法学研究科
314,国士舘大学大学院,総合知的財産法学研究科
315,国士舘大学大学院,工学研究科
316,国士舘大学大学院,人文科学研究科
317,国士舘大学大学院,スポーツ・システム研究科
318,国士舘大学大学院,救急システム研究科
319,国士舘大学大学院,グローバルアジア研究科
320,国立音楽大学大学院,音楽研究科
321,駒沢女子大学大学院,人文科学研究科
322,駒澤大学大学院,人文科学研究科
323,駒澤大学大学院,経済学研究科
324,駒澤大学大学院,商学研究科
325,駒澤大学大学院,法学研究科
326,駒澤大学大学院,経営学研究科
327,駒澤大学大学院,医療健康科学研究科
328,駒澤大学大学院,グローバル・メディア研究科
329,駒澤大学大学院,法曹養成研究科
330,神奈川県立保健福祉大学大学院,保健福祉学研究科
331,神奈川工科大学大学院,工学研究科
332,神奈川歯科大学大学院,歯学研究科
333,神奈川大学大学院,法学研究科
334,神奈川大学大学院,経済学研究科
335,神奈川大学大学院,経営学研究科
336,神奈川大学大学院,外国語学研究科
337,神奈川大学大学院,人間科学研究科
338,神奈川大学大学院,理学研究科
339,神奈川大学大学院,工学研究科
340,神奈川大学大学院,歴史民俗資料学研究科
341,鎌倉女子大学大学院,児童学研究科
342,関東学院大学大学院,看護学研究科
343,関東学院大学大学院,文学研究科
344,関東学院大学大学院,経済学研究科
345,関東学院大学大学院,法学研究科
346,関東学院大学大学院,工学研究科
347,国際大学,国際関係学研究科
348,国際大学,国際経営学研究科
349,金沢学院大学大学院,経営情報学研究科
350,金沢学院大学大学院,人文学研究科
351,金沢学院大学大学院,スポーツ健康学研究科
352,金沢医科大学大学院,医学研究科
353,金沢医科大学大学院,看護学研究科
354,金沢工業大学大学院,工学研究科
355,金沢工業大学大学院,心理科学研究科
356,金沢工業大学大学院,イノベーションマネジメント研究科
357,金沢星稜大学大学院,経営戦略研究科
358,金沢大学大学院,教職実践研究科
359,金沢大学大学院,人間社会環境研究科
360,金沢大学大学院,自然科学研究科
361,金沢大学大学院,医薬保健学総合研究科
362,金沢大学大学院,先進予防医学研究科
363,金沢大学大学院,法務研究科
364,金沢大学大学院,新学術創成研究科
365,金沢大学大学院,大阪大学・金沢大学・浜松医科大学・千葉大学・福井大学連合小児発達学研究科
366,金沢美術工芸大学大学院,美術工芸研究科
367,金城大学大学院,リハビリテーション学研究科
368,岐阜医療科学大学大学院,保健医療学研究科
369,岐阜経済大学大学院,経営学研究科
370,岐阜県立看護大学大学院,看護学研究科
371,岐阜聖徳学園大学大学院,国際文化研究科
372,岐阜聖徳学園大学大学院,経済情報研究科
373,岐阜大学大学院,自然科学技術研究科
374,岐阜大学大学院,教育学研究科
375,岐阜大学大学院,地域科学研究科
376,岐阜大学大学院,医学系研究科
377,岐阜大学大学院,工学研究科
378,岐阜大学大学院,連合農学研究科
379,岐阜大学大学院,連合創薬医療情報研究科
380,岐阜薬科大学大学院,薬学研究科
381,岐阜薬科大学大学院,岐阜大学大学院連合創薬医療情報研究科
382,金城学院大学大学院,文学研究科
383,金城学院大学大学院,人間生活学研究科
384,皇學館大学大学院,文学研究科
385,皇學館大学大学院,教育学研究科
386,京都文教大学大学院,文化人類学研究科
387,京都文教大学大学院,臨床心理学研究科
388,京都外国語大学大学院,外国語学研究科
389,京都学園大学大学院,経済学研究科
390,京都学園大学大学院,経営学研究科
391,京都学園大学大学院,法学研究科
392,京都学園大学大学院,人間文化研究科
393,京都学園大学大学院,バイオ環境研究科
394,京都教育大学大学院,教育学研究科
395,京都教育大学大学院,連合教職実践研究科
396,京都光華女子大学大学院,心理学研究科
397,京都光華女子大学大学院,看護学研究科
398,京都工芸繊維大学大学院,工芸科学研究科
399,京都産業大学大学院,経済学研究科
400,京都産業大学大学院,マネジメント研究科
401,京都産業大学大学院,法学研究科
402,京都産業大学大学院,外国語学研究科
403,京都産業大学大学院,理学研究科
404,京都産業大学大学院,先端情報学研究科
405,京都産業大学大学院,生命科学研究科
406,京都市立芸術大学大学院,美術研究科
407,京都市立芸術大学大学院,音楽研究科
408,京都情報大学院大学,応用情報技術研究科
409,京都女子大学大学院,文学研究科
410,京都女子大学大学院,発達教育学研究科
411,京都女子大学大学院,家政学研究科
412,京都女子大学大学院,現代社会研究科
413,京都女子大学大学院,法学研究科
414,京都精華大学大学院,芸術研究科
415,京都精華大学大学院,デザイン研究科
416,京都精華大学大学院,マンガ研究科
417,京都精華大学大学院,人文学研究科
418,京都造形芸術大学大学院,芸術研究科
419,京都橘大学大学院,文学研究科
420,京都橘大学大学院,現代ビジネス研究科
421,京都橘大学大学院,文化政策学研究科
422,京都橘大学大学院,看護学研究科
423,京都橘大学大学院,健康科学研究科
424,京都大学大学院,文学研究科
425,京都大学大学院,教育学研究科
426,京都大学大学院,法学研究科
427,京都大学大学院,経済学研究科
428,京都大学大学院,理学研究科
429,京都大学大学院,医学研究科
430,京都大学大学院,薬学研究科
431,京都大学大学院,工学研究科
432,京都大学大学院,農学研究科
433,京都大学大学院,人間・環境学研究科
434,京都大学大学院,エネルギー科学研究科
435,京都大学大学院,アジア・アフリカ地域研究研究科
436,京都大学大学院,情報学研究科
437,京都大学大学院,生命科学研究科
438,京都大学大学院,総合生存学館（思修館）
439,京都大学大学院,地球環境学舎
440,京都大学大学院,公共政策教育部
441,京都大学大学院,経営管理教育部
442,京都ノートルダム女子大学大学院,人間文化研究科
443,京都ノートルダム女子大学大学院,心理学研究科
444,京都府立医科大学大学院,医学研究科
445,京都府立医科大学大学院,保健看護研究科
446,京都府立大学大学院,文学研究科
447,京都府立大学大学院,公共政策学研究科
448,京都府立大学大学院,生命環境科学研究科
449,京都薬科大学大学院,薬学研究科
450,関西医科大学大学院,医学研究科
451,関西医療大学大学院,保健医療学研究科
452,関西外国語大学大学院,外国語学研究科
453,関西大学大学院,法学研究科
454,関西大学大学院,文学研究科
455,関西大学大学院,経済学研究科
456,関西大学大学院,商学研究科
457,関西大学大学院,社会学研究科
458,関西大学大学院,総合情報学研究科
459,関西大学大学院,理工学研究科
460,関西大学大学院,外国語教育学研究科
461,関西大学大学院,心理学研究科
462,関西大学大学院,社会安全研究科
463,関西大学大学院,東アジア文化研究科
464,関西大学大学院,ガバナンス研究科
465,関西大学大学院,人間健康研究科
466,関西大学大学院,法務研究科
467,関西大学大学院,会計研究科
468,関西福祉科学大学大学院,社会福祉学研究科
469,近畿大学大学院,法学研究科
470,近畿大学大学院,商学研究科
471,近畿大学大学院,経済学研究科
472,近畿大学大学院,総合理工学研究科
473,近畿大学大学院,薬学研究科
474,近畿大学大学院,総合文化研究科
475,近畿大学大学院,農学研究科
476,近畿大学大学院,医学研究科
477,近畿大学大学院,生物理工学研究科
478,近畿大学大学院,システム工学研究科
479,近畿大学大学院,産業理工学研究科
480,近畿大学大学院,法務研究科
481,関西看護医療大学大学院,看護学研究科
482,関西国際大学大学院,人間行動学研究科
483,関西国際大学大学院,看護学研究科
484,関西福祉大学大学院,社会福祉学研究科
485,関西福祉大学大学院,看護学研究科
486,関西学院大学大学院,神学研究科
487,関西学院大学大学院,文学研究科
488,関西学院大学大学院,社会学研究科
489,関西学院大学大学院,法学研究科
490,関西学院大学大学院,経済学研究科
491,関西学院大学大学院,商学研究科
492,関西学院大学大学院,総合政策研究科
493,関西学院大学大学院,理工学研究科
494,関西学院大学大学院,言語コミュニケーション文化研究科
495,関西学院大学大学院,人間福祉研究科
496,関西学院大学大学院,教育学研究科
497,関西学院大学大学院,国際学研究科
498,関西学院大学大学院,経営戦略研究科
499,関西学院大学大学院,司法研究科
500,神戸市看護大学大学院,看護学研究科
501,神戸松蔭女子学院大学大学院,文学研究科
502,甲子園大学大学院,栄養学研究科
503,甲子園大学大学院,心理学研究科
504,甲南女子大学大学院,人文科学総合研究科
505,甲南女子大学大学院,看護学研究科
506,甲南大学大学院,人文科学研究科
507,甲南大学大学院,自然科学研究科
508,甲南大学大学院,社会科学研究科
509,甲南大学大学院,フロンティアサイエンス研究科
510,甲南大学大学院,法学研究科
511,神戸学院大学大学院,法学研究科
512,神戸学院大学大学院,経済学研究科
513,神戸学院大学大学院,人間文化学研究科
514,神戸学院大学大学院,総合リハビリテーション学研究科
515,神戸学院大学大学院,栄養学研究科
516,神戸学院大学大学院,薬学研究科
517,神戸学院大学大学院,食品薬品総合科学研究科
518,神戸芸術工科大学大学院,芸術工学研究科
519,神戸市外国語大学大学院,外国語学研究科
520,神戸親和女子大学大学院,文学研究科
521,神戸情報大学院大学,情報技術研究科
522,神戸女学院大学大学院,文学研究科
523,神戸女学院大学大学院,音楽研究科
524,神戸女学院大学大学院,人間科学研究科
525,神戸女子大学大学院,家政学研究科
526,神戸女子大学大学院,文学研究科
527,神戸女子大学大学院,健康栄養学研究科
528,神戸大学大学院,人文学研究科
529,神戸大学大学院,国際文化学研究科
530,神戸大学大学院,人間発達環境学研究科
531,神戸大学大学院,法学研究科
532,神戸大学大学院,経済学研究科
533,神戸大学大学院,経営学研究科
534,神戸大学大学院,理学研究科
535,神戸大学大学院,医学研究科
536,神戸大学大学院,保健学研究科
537,神戸大学大学院,工学研究科
538,神戸大学大学院,システム情報学研究科
539,神戸大学大学院,農学研究科
540,神戸大学大学院,海事科学研究科
541,神戸大学大学院,国際協力研究科
542,神戸大学大学院,科学技術イノベーション研究科
543,神戸薬科大学大学院,薬学研究科
544,畿央大学大学院,健康科学研究科
545,畿央大学大学院,教育学研究科
546,高野山大学大学院,文学研究科
547,川崎医科大学大学院,医学研究科
548,川崎医療福祉大学大学院,医療福祉学研究科
549,川崎医療福祉大学大学院,医療技術学研究科
550,川崎医療福祉大学大学院,医療福祉マネジメント学研究科
551,川崎医療福祉大学大学院, 医療福祉マネジメント学研究科
552,吉備国際大学大学院,地域創成農学研究科
553,吉備国際大学大学院,社会学研究科
554,吉備国際大学大学院,保健科学研究科
555,吉備国際大学大学院,社会福祉学研究科
556,吉備国際大学大学院,心理学研究科
557,吉備国際大学大学院,文化財保存修復学研究科
558,吉備国際大学大学院,知的財産学研究科
559,吉備国際大学大学院,吉備国際大学・九州保健福祉大学 連合国際協力研究科
560,倉敷芸術科学大学大学院,芸術研究科
561,倉敷芸術科学大学大学院,産業科学技術研究科
562,倉敷芸術科学大学大学院,人間文化研究科
563,くらしき作陽大学大学院,音楽研究科
564,県立広島大学大学院,総合学術研究科
565,県立広島大学大学院,経営管理研究科
566,香川県立保健医療大学大学院,保健医療学研究科
567,香川大学大学院,教育学研究科
568,香川大学大学院,法学研究科
569,香川大学大学院,経済学研究科
570,香川大学大学院,医学系研究科
571,香川大学大学院,工学研究科
572,香川大学大学院,農学研究科
573,香川大学大学院,地域マネジメント研究科
574,香川大学大学院,愛媛大学大学院連合農学研究科
575,高知県立大学大学院,看護学研究科
576,高知県立大学大学院,人間生活学研究科
577,高知工科大学大学院,工学研究科
578,高知大学大学院,総合人間自然科学研究科
579,高知大学大学院,愛媛大学大学院連合農学研究科
580,北九州市立大学大学院,法学研究科
581,北九州市立大学大学院,社会システム研究科
582,北九州市立大学大学院,国際環境工学研究科
583,北九州市立大学大学院,マネジメント研究科
584,九州栄養福祉大学大学院,健康科学研究科
585,九州工業大学大学院,工学府
586,九州工業大学大学院,情報工学府
587,九州工業大学大学院,生命体工学研究科
588,九州国際大学大学院,法学研究科
589,九州国際大学大学院,企業政策研究科
590,九州産業大学大学院,国際文化研究科
591,九州産業大学大学院,経済・ビジネス研究科
592,九州産業大学大学院,情報科学研究科
593,九州産業大学大学院,工学研究科
594,九州産業大学大学院,芸術研究科
595,九州歯科大学大学院,歯学研究科
596,九州情報大学大学院,経営情報学研究科
597,九州大学大学院,人文科学府
598,九州大学大学院,地球社会統合科学府
599,九州大学大学院,人間環境学府
600,九州大学大学院,法学府
601,九州大学大学院,経済学府
602,九州大学大学院,理学府
603,九州大学大学院,数理学府
604,九州大学大学院,システム生命科学府
605,九州大学大学院,医学系学府
606,九州大学大学院,歯学府
607,九州大学大学院,薬学府
608,九州大学大学院,工学府
609,九州大学大学院,芸術工学府
610,九州大学大学院,システム情報科学府
611,九州大学大学院,総合理工学府
612,九州大学大学院,生物資源環境科学府
613,九州大学大学院,統合新領域学府
614,久留米工業大学大学院,工学研究科
615,久留米大学大学院,比較文化研究科
616,久留米大学大学院,心理学研究科
617,久留米大学大学院,ビジネス研究科
618,久留米大学大学院,医学研究科
619,活水女子大学大学院,文学研究科
620,九州看護福祉大学大学院,看護福祉学研究科
621,九州ルーテル学院大学大学院,人文学研究科
622,熊本学園大学大学院,商学研究科
623,熊本学園大学大学院,経済学研究科
624,熊本学園大学大学院,国際文化研究科
625,熊本学園大学大学院,社会福祉学研究科
626,熊本学園大学大学院,会計専門職研究科
627,熊本県立大学大学院,文学研究科
628,熊本県立大学大学院,アドミニストレーション研究科
629,熊本県立大学大学院,環境共生学研究科
630,熊本大学大学院,教育学研究科
631,熊本大学大学院,社会文化科学研究科
632,熊本大学大学院,医学教育部
633,熊本大学大学院,保健学教育部
634,熊本大学大学院,薬学教育部
635,熊本大学大学院,自然科学教育部
636,熊本保健科学大学大学院,保健科学研究科
637,九州保健福祉大学大学院,社会福祉学研究科
638,九州保健福祉大学大学院,保健科学研究科
639,九州保健福祉大学大学院,吉備国際大学・九州保健福祉大学 連合国際協力研究科
640,九州保健福祉大学大学院,医療薬学研究科
641,鹿児島国際大学大学院,経済学研究科
642,鹿児島国際大学大学院,福祉社会学研究科
643,鹿児島国際大学大学院,国際文化研究科
644,鹿児島純心女子大学大学院,人間科学研究科
645,鹿児島大学大学院,人文社会科学研究科
646,鹿児島大学大学院,教育学研究科
647,鹿児島大学大学院,理工学研究科
648,鹿児島大学大学院,医歯学総合研究科
649,鹿児島大学大学院,保健学研究科
650,鹿児島大学大学院,農林水産学研究科
651,鹿児島大学大学院,連合農学研究科
652,鹿児島大学大学院,臨床心理学研究科
653,鹿児島大学大学院,共同獣医学研究科
654,鹿屋体育大学大学院,体育学研究科
655,札幌医科大学大学院,医学研究科
656,札幌医科大学大学院,保健医療学研究科
657,札幌市立大学大学院,デザイン研究科
658,札幌市立大学大学院,看護学研究科
659,札幌学院大学大学院,法学研究科
660,札幌学院大学大学院,臨床心理学研究科
661,札幌学院大学大学院,地域社会マネジメント研究科
662,札幌国際大学大学院,観光学研究科
663,札幌国際大学大学院,心理学研究科
664,札幌国際大学大学院,スポーツ健康指導研究科
665,札幌大学大学院,法学研究科
666,札幌大学大学院,経営学研究科
667,札幌大学大学院,外国語学研究科
668,札幌大学大学院,経済学研究科
669,札幌大学大学院,文化学研究科
670,尚絅学院大学大学院,総合人間科学研究科
671,仙台大学大学院,スポーツ科学研究科
672,作新学院大学大学院,経営学研究科
673,作新学院大学大学院,心理学研究科
674,自治医科大学大学院,医学研究科
675,自治医科大学大学院,看護学研究科
676,上武大学大学院,経営管理研究科
677,埼玉医科大学大学院,医学研究科
678,埼玉医科大学大学院,看護学研究科
679,埼玉学園大学大学院,経営学研究科
680,埼玉学園大学大学院,心理学研究科
681,埼玉学園大学大学院,子ども教育学研究科
682,埼玉県立大学大学院,保健医療福祉学研究科
683,埼玉工業大学大学院,人間社会研究科
684,埼玉工業大学大学院,工学研究科
685,埼玉大学大学院,人文社会科学研究科
686,埼玉大学大学院,教育学研究科
687,埼玉大学大学院,東京学芸大学大学院連合学校教育学研究科
688,埼玉大学大学院,理工学研究科
689,尚美学園大学大学院,芸術情報研究科
690,尚美学園大学大学院,総合政策研究科
691,十文字学園女子大学大学院,人間生活学研究科
692,城西大学大学院,経済学研究科
693,城西大学大学院,経営学研究科
694,城西大学大学院,理学研究科
695,城西大学大学院,薬学研究科
696,女子栄養大学大学院,栄養学研究科
697,駿河台大学大学院,総合政策研究科
698,駿河台大学大学院,心理学研究科
699,聖学院大学大学院,アメリカ・ヨーロッパ文化学研究科
700,聖学院大学大学院,政治政策学研究科
701,聖学院大学大学院,人間福祉学研究科
702,淑徳大学大学院,総合福祉研究科
703,淑徳大学大学院,看護学研究科
704,城西国際大学大学院,人文科学研究科
705,城西国際大学大学院,国際アドミニストレーション研究科
706,城西国際大学大学院,経営情報学研究科
707,城西国際大学大学院,福祉総合学研究科
708,城西国際大学大学院,ビジネスデザイン研究科
709,城西国際大学大学院,薬学研究科
710,聖徳大学大学院,児童学研究科
711,聖徳大学大学院,臨床心理学研究科
712,聖徳大学大学院,言語文化研究科
713,聖徳大学大学院,人間栄養学研究科
714,聖徳大学大学院,音楽文化研究科
715,聖徳大学大学院,教職研究科
716,産業技術大学院大学,産業技術研究科
717,産業能率大学大学院,総合マネジメント研究科
718,芝浦工業大学大学院,理工学研究科
719,芝浦工業大学大学院,工学マネジメント研究科
720,首都大学東京大学院,人文科学研究科
721,首都大学東京大学院,社会科学研究科
722,首都大学東京大学院,理工学研究科
723,首都大学東京大学院,都市環境科学研究科
724,首都大学東京大学院,システムデザイン研究科
725,首都大学東京大学院,人間健康科学研究科
726,昭和女子大学大学院,文学研究科
727,昭和女子大学大学院,生活機構研究科
728,昭和大学大学院,医学研究科
729,昭和大学大学院,歯学研究科
730,昭和大学大学院,薬学研究科
731,昭和大学大学院,保健医療学研究科
732,昭和薬科大学大学院,薬学研究科
733,白梅学園大学大学院,子ども学研究科
734,白百合女子大学大学院,文学研究科
735,事業構想大学院大学,事業構想研究科
736,実践女子大学大学院,文学研究科
737,実践女子大学大学院,生活科学研究科
738,実践女子大学大学院,人間社会研究科
739,順天堂大学大学院,医学研究科
740,順天堂大学大学院,スポーツ健康科学研究科
741,順天堂大学大学院,医療看護学研究科
742,上智大学大学院,神学研究科
743,上智大学大学院,文学研究科
744,上智大学大学院,実践宗教学研究科
745,上智大学大学院,総合人間科学研究科
746,上智大学大学院,法学研究科
747,上智大学大学院,経済学研究科
748,上智大学大学院,言語科学研究科
749,上智大学大学院,グローバル・スタディーズ研究科
750,上智大学大学院,理工学研究科
751,上智大学大学院,地球環境学研究科
752,杉野服飾大学大学院,造形研究科
753,成蹊大学大学院,経済経営研究科
754,成蹊大学大学院,法学政治学研究科
755,成蹊大学大学院,文学研究科
756,成蹊大学大学院,理工学研究科
757,政策研究大学院大学,政策研究科
758,聖心女子大学大学院,文学研究科
759,成城大学大学院,経済学研究科
760,成城大学大学院,文学研究科
761,成城大学大学院,法学研究科
762,成城大学大学院,社会イノベーション研究科
763,清泉女子大学大学院,人文科学研究科
764,聖路加国際大学大学院,看護学研究科
765,聖路加国際大学大学院,公衆衛生学研究科
766,専修大学大学院,経済学研究科
767,専修大学大学院,法学研究科
768,専修大学大学院,文学研究科
769,専修大学大学院,経営学研究科
770,専修大学大学院,商学研究科
771,専修大学大学院,法務研究科
772,創価大学大学院,経済学研究科
773,創価大学大学院,法学研究科
774,創価大学大学院,文学研究科
775,創価大学大学院,工学研究科
776,創価大学大学院,法務研究科
777,創価大学大学院,教職研究科
778,相模女子大学大学院,栄養科学研究科
779,松蔭大学大学院,経営管理研究科
780,湘南工科大学大学院,工学研究科
781,昭和音楽大学大学院,音楽研究科
782,情報セキュリティ大学院大学,情報セキュリティ研究科
783,女子美術大学大学院,美術研究科
784,星槎大学大学院,教育学研究科
785,星槎大学大学院,教育実践研究科
786,聖マリアンナ医科大学大学院,医学研究科
787,洗足学園音楽大学大学院,音楽研究科
788,総合研究大学院大学,文化科学研究科
789,総合研究大学院大学,物理科学研究科
790,総合研究大学院大学,高エネルギー加速器科学研究科
791,総合研究大学院大学,複合科学研究科
792,総合研究大学院大学,生命科学研究科
793,総合研究大学院大学,先導科学研究科
794,事業創造大学院大学,事業創造研究科
795,上越教育大学大学院,学校教育研究科
796,上越教育大学大学院,兵庫教育大学大学院連合学校教育学研究科
797,仁愛大学大学院,人間学研究科
798,佐久大学大学院,看護学研究科
799,信州大学大学院,人文科学研究科
800,信州大学大学院,教育学研究科
801,信州大学大学院,経済・社会政策科学研究科
802,信州大学大学院,医学系研究科
803,信州大学大学院,総合理工学研究科
804,信州大学大学院,総合工学系研究科
805,諏訪東京理科大学大学院,工学・マネジメント研究科
806,情報科学芸術大学院大学,メディア表現研究科
807,静岡県立大学大学院,薬食生命科学総合学府
808,静岡県立大学大学院,国際関係学研究科
809,静岡県立大学大学院,経営情報イノベーション研究科
810,静岡県立大学大学院,看護学研究科
811,静岡大学大学院,人文社会科学研究科
812,静岡大学大学院,教育学研究科
813,静岡大学大学院,総合科学技術研究科
814,静岡大学大学院,創造科学技術大学院
815,静岡大学大学院,岐阜大学大学院連合農学研究科
816,静岡大学大学院,光医工学研究科
817,静岡文化芸術大学大学院,文化政策研究科
818,静岡文化芸術大学大学院,デザイン研究科
819,静岡理工科大学大学院,理工学研究科
820,聖隷クリストファー大学大学院,看護学研究科
821,聖隷クリストファー大学大学院,リハビリテーション科学研究科
822,聖隷クリストファー大学大学院,社会福祉学研究科
823,至学館大学大学院,健康科学研究科
824,椙山女学園大学大学院,生活科学研究科
825,椙山女学園大学大学院,人間関係学研究科
826,椙山女学園大学大学院,現代マネジメント研究科
827,椙山女学園大学大学院,教育学研究科
828,星城大学大学院,健康支援学研究科
829,鈴鹿大学大学院,国際学研究科
830,鈴鹿医療科学大学大学院,医療科学研究科
831,鈴鹿医療科学大学大学院,薬学研究科
832,滋賀医科大学大学院,医学系研究科
833,滋賀県立大学大学院,環境科学研究科
834,滋賀県立大学大学院,工学研究科
835,滋賀県立大学大学院,人間文化学研究科
836,滋賀県立大学大学院,人間看護学研究科
837,滋賀大学大学院,教育学研究科
838,滋賀大学大学院,経済学研究科
839,聖泉大学大学院,看護学研究科
840,嵯峨美術大学大学院,芸術研究科
841,四天王寺大学大学院,人文社会学研究科
842,摂南大学大学院,法学研究科
843,摂南大学大学院,国際言語文化研究科
844,摂南大学大学院,経済経営学研究科
845,摂南大学大学院,経営情報学研究科
846,摂南大学大学院,理工学研究科
847,摂南大学大学院,薬学研究科
848,摂南大学大学院,看護学研究科
849,島根県立大学大学院,北東アジア開発研究科
850,島根県立大学大学院,看護学研究科
851,島根大学大学院,人文社会科学研究科
852,島根大学大学院,教育学研究科
853,島根大学大学院,総合理工学研究科
854,島根大学大学院,自然科学研究科
855,島根大学大学院,医学系研究科
856,島根大学大学院,鳥取大学大学院連合農学研究科
857,山陽学園大学大学院,看護学研究科
858,就実大学大学院,人文科学研究科
859,就実大学大学院,教育学研究科
860,就実大学大学院,医療薬学研究科
861,山陽小野田市立山口東京理科大学,工学研究科
862,下関市立大学大学院,経済学研究科
863,四国大学大学院,文学研究科
864,四国大学大学院,経営情報学研究科
865,四国大学大学院,人間生活科学研究科
866,四国大学大学院,看護学研究科
867,四国学院大学大学院,社会福祉学研究科
868,四国学院大学大学院,社会学研究科
869,四国学院大学大学院,文学研究科
870,産業医科大学大学院,医学研究科
871,西南学院大学大学院,法学研究科
872,西南学院大学大学院,経営学研究科
873,西南学院大学大学院,文学研究科
874,西南学院大学大学院,経済学研究科
875,西南学院大学大学院,神学研究科
876,西南学院大学大学院,人間科学研究科
877,西南学院大学大学院,国際文化研究科
878,西南学院大学大学院,法務研究科
879,聖マリア学院大学大学院,看護学研究科
880,佐賀大学大学院,学校教育学研究科
881,佐賀大学大学院,地域デザイン研究科
882,佐賀大学大学院,医学系研究科
883,佐賀大学大学院,工学系研究科
884,佐賀大学大学院,農学研究科
885,佐賀大学大学院,鹿児島大学大学院連合農学研究科
886,崇城大学大学院,工学研究科
887,崇城大学大学院,芸術研究科
888,崇城大学大学院,薬学研究科
889,志學館大学大学院,心理臨床学研究科
890,千歳科学技術大学大学院,光科学研究科
891,天使大学大学院,助産研究科
892,天使大学大学院,看護栄養学研究科
893,東北医科薬科大学大学院,薬学研究科
894,東北学院大学大学院,文学研究科
895,東北学院大学大学院,経済学研究科
896,東北学院大学大学院,経営学研究科
897,東北学院大学大学院,法学研究科
898,東北学院大学大学院,工学研究科
899,東北学院大学大学院,人間情報学研究科
900,東北工業大学大学院,工学研究科
901,東北工業大学大学院,ライフデザイン学研究科
902,東北大学大学院,文学研究科
903,東北大学大学院,教育学研究科
904,東北大学大学院,法学研究科
905,東北大学大学院,経済学研究科
906,東北大学大学院,理学研究科
907,東北大学大学院,医学系研究科
908,東北大学大学院,歯学研究科
909,東北大学大学院,薬学研究科
910,東北大学大学院,工学研究科
911,東北大学大学院,農学研究科
912,東北大学大学院,国際文化研究科
913,東北大学大学院,情報科学研究科
914,東北大学大学院,生命科学研究科
915,東北大学大学院,環境科学研究科
916,東北大学大学院,医工学研究科
917,東北大学大学院,教育情報学教育部
918,東北福祉大学大学院,総合福祉学研究科
919,東北福祉大学大学院,教育学研究科
920,東北文化学園大学大学院,健康社会システム研究科
921,東北芸術工科大学大学院,芸術工学研究科
922,東北公益文科大学大学院,公益学研究科
923,筑波大学大学院,教育研究科
924,筑波大学大学院,人文社会科学研究科
925,筑波大学大学院,数理物質科学研究科
926,筑波大学大学院,システム情報工学研究科
927,筑波大学大学院,生命環境科学研究科
928,筑波大学大学院,人間総合科学研究科
929,筑波大学大学院,図書館情報メディア研究科
930,筑波大学大学院,ビジネス科学研究科
931,常磐大学大学院,人間科学研究科
932,高崎経済大学大学院,地域政策研究科
933,高崎経済大学大学院,経済・経営研究科
934,高崎健康福祉大学大学院,健康福祉学研究科
935,高崎健康福祉大学大学院,保健医療学研究科
936,高崎健康福祉大学大学院,薬学研究科
937,高崎商科大学大学院,商学研究科
938,東京国際大学大学院,商学研究科
939,東京国際大学大学院,経済学研究科
940,東京国際大学大学院,国際関係学研究科
941,東京国際大学大学院,臨床心理学研究科
942,獨協大学大学院,法学研究科
943,獨協大学大学院,外国語学研究科
944,獨協大学大学院,経済学研究科
945,千葉科学大学大学院,薬学研究科
946,千葉科学大学大学院,危機管理学研究科
947,千葉科学大学大学院,看護学研究科
948,千葉経済大学大学院,経済学研究科
949,千葉工業大学大学院,工学研究科
950,千葉工業大学大学院,情報科学研究科
951,千葉工業大学大学院,社会システム科学研究科
952,千葉商科大学大学院,政策研究科
953,千葉商科大学大学院,商学研究科
954,千葉商科大学大学院,経済学研究科
955,千葉商科大学大学院,政策情報学研究科
956,千葉商科大学大学院,会計ファイナンス研究科
957,千葉大学大学院,教育学研究科
958,千葉大学大学院,東京学芸大学大学院連合学校教育学研究科
959,千葉大学大学院,融合理工学府
960,千葉大学大学院,看護学研究科
961,千葉大学大学院,園芸学研究科
962,千葉大学大学院,人文公共学府
963,千葉大学大学院,医学薬学府
964,千葉大学大学院,専門法務研究科
965,中央学院大学大学院,商学研究科
966,東京基督教大学大学院,神学研究科
967,東京情報大学大学院,総合情報学研究科
968,大正大学大学院,仏教学研究科
969,大正大学大学院,人間学研究科
970,大正大学大学院,文学研究科
971,高千穂大学大学院,経営学研究科
972,宝塚大学大学院,メディア・造形研究科
973,拓殖大学大学院,経済学研究科
974,拓殖大学大学院,商学研究科
975,拓殖大学大学院,工学研究科
976,拓殖大学大学院,言語教育研究科
977,拓殖大学大学院,国際協力学研究科
978,拓殖大学大学院,地方政治行政研究科
979,玉川大学大学院,文学研究科
980,玉川大学大学院,農学研究科
981,玉川大学大学院,工学研究科
982,玉川大学大学院,マネジメント研究科
983,玉川大学大学院,教育学研究科
984,玉川大学大学院,脳科学研究科
985,多摩大学大学院,経営情報学研究科
986,多摩美術大学大学院,美術研究科
987,大東文化大学大学院,文学研究科
988,大東文化大学大学院,経済学研究科
989,大東文化大学大学院,法学研究科
990,大東文化大学大学院,外国語学研究科
991,大東文化大学大学院,アジア地域研究科
992,大東文化大学大学院,経営学研究科
993,大東文化大学大学院,スポーツ・健康科学研究科
994,中央大学大学院,法学研究科
995,中央大学大学院,経済学研究科
996,中央大学大学院,商学研究科
997,中央大学大学院,理工学研究科
998,中央大学大学院,文学研究科
999,中央大学大学院,総合政策研究科
1000,中央大学大学院,公共政策研究科
1001,中央大学大学院,法務研究科
1002,中央大学大学院,戦略経営研究科
1003,津田塾大学大学院,文学研究科
1004,津田塾大学大学院,国際関係学研究科
1005,津田塾大学大学院,理学研究科
1006,帝京大学大学院,医学研究科
1007,帝京大学大学院,薬学研究科
1008,帝京大学大学院,医療技術学研究科
1009,帝京大学大学院,経済学研究科
1010,帝京大学大学院,法学研究科
1011,帝京大学大学院,文学研究科
1012,帝京大学大学院,外国語研究科
1013,帝京大学大学院,理工学研究科
1014,帝京大学大学院,教職研究科
1015,帝京大学大学院,公衆衛生学研究科
1016,帝京平成大学大学院,薬学研究科
1017,帝京平成大学大学院,健康科学研究科
1018,帝京平成大学大学院,環境情報学研究科
1019,帝京平成大学大学院,臨床心理学研究科
1020,帝京平成大学大学院,看護学研究科
1021,デジタルハリウッド大学大学院,デジタルコンテンツ研究科
1022,電気通信大学大学院,情報理工学研究科
1023,東京有明医療大学大学院,保健医療学研究科
1024,東京有明医療大学大学院,看護学研究科
1025,東京医科歯科大学大学院,医歯学総合研究科
1026,東京医科歯科大学大学院,保健衛生学研究科
1027,東京医科大学大学院,医学研究科
1028,東京医療保健大学大学院,医療保健学研究科
1029,東京医療保健大学大学院,看護学研究科
1030,東京音楽大学大学院,音楽研究科
1031,東京海洋大学大学院,海洋科学技術研究科
1032,東京家政学院大学大学院,人間生活学研究科
1033,東京家政大学大学院,人間生活学総合研究科
1034,東京外国語大学大学院,総合国際学研究科
1035,東京外国語大学大学院, 総合国際学研究科
1036,東京学芸大学大学院,教育学研究科
1037,東京学芸大学大学院,連合学校教育学研究科
1038,東京経済大学大学院,経済学研究科
1039,東京経済大学大学院,経営学研究科
1040,東京経済大学大学院,コミュニケーション学研究科
1041,東京経済大学大学院,現代法学研究科
1042,東京芸術大学大学院,美術研究科
1043,東京芸術大学大学院,音楽研究科
1044,東京芸術大学大学院,映像研究科
1045,東京芸術大学大学院,国際芸術創造研究科
1046,東京工科大学大学院,バイオ・情報メディア研究科
1047,東京工業大学大学院,理学院
1048,東京工業大学大学院,工学院
1049,東京工業大学大学院,物質理工学院
1050,東京工業大学大学院,情報理工学院
1051,東京工業大学大学院,生命理工学院
1052,東京工業大学大学院,環境・社会理工学院
1053,東京工業大学大学院,社会理工学研究科
1054,東京工芸大学大学院,工学研究科
1055,東京工芸大学大学院,芸術学研究科
1056,東京歯科大学大学院,歯学研究科
1057,東京歯科大学大学院,歯科研究科
1058,東京神学大学大学院,神学研究科
1059,東京慈恵会医科大学大学院,医学研究科
1060,東京女子医科大学大学院,医学研究科
1061,東京女子医科大学大学院,看護学研究科
1062,東京女子大学大学院,人間科学研究科
1063,東京女子大学大学院,理学研究科
1064,東京成徳大学大学院,心理学研究科
1065,東京造形大学大学院,造形研究科
1066,東京大学大学院,人文社会系研究科
1067,東京大学大学院,教育学研究科
1068,東京大学大学院,法学政治学研究科
1069,東京大学大学院,経済学研究科
1070,東京大学大学院,総合文化研究科
1071,東京大学大学院,理学系研究科
1072,東京大学大学院,工学系研究科
1073,東京大学大学院,農学生命科学研究科
1074,東京大学大学院,医学系研究科
1075,東京大学大学院,薬学系研究科
1076,東京大学大学院,数理科学研究科
1077,東京大学大学院,新領域創成科学研究科
1078,東京大学大学院,情報理工学系研究科
1079,東京大学大学院,情報学環・学際情報学府
1080,東京大学大学院,公共政策学教育部
1081,東京電機大学大学院,先端科学技術研究科
1082,東京電機大学大学院,未来科学研究科
1083,東京電機大学大学院,工学研究科
1084,東京電機大学大学院,理工学研究科
1085,東京電機大学大学院,情報環境学研究科
1086,東京都市大学大学院,総合理工学研究科
1087,東京都市大学大学院,環境情報学研究科
1088,東京農業大学大学院,農学研究科
1089,東京農業大学大学院,生物産業学研究科
1090,東京農工大学大学院,工学府
1091,東京農工大学大学院,農学府
1092,東京農工大学大学院,生物システム応用科学府
1093,東京農工大学大学院,連合農学研究科
1094,東京農工大学大学院,岐阜大学大学院連合獣医学研究科
1095,東京福祉大学大学院,心理学研究科
1096,東京福祉大学大学院,社会福祉学研究科
1097,東京福祉大学大学院,教育学研究科
1098,東京富士大学大学院,経営学研究科
1099,東京薬科大学大学院,薬学研究科
1100,東京薬科大学大学院,生命科学研究科
1101,東京理科大学大学院,理学研究科
1102,東京理科大学大学院,工学研究科
1103,東京理科大学大学院,薬学研究科
1104,東京理科大学大学院,理工学研究科
1105,東京理科大学大学院,基礎工学研究科
1106,東京理科大学大学院,経営学研究科
1107,東京理科大学大学院,生命科学研究科
1108,東邦音楽大学大学院,音楽研究科
1109,東邦大学大学院,医学研究科
1110,東邦大学大学院,薬学研究科
1111,東邦大学大学院,理学研究科
1112,東邦大学大学院,看護学研究科
1113,東洋英和女学院大学大学院,人間科学研究科
1114,東洋英和女学院大学大学院,国際協力研究科
1115,東洋学園大学大学院,現代経営研究科
1116,東洋大学大学院,文学研究科
1117,東洋大学大学院,社会学研究科
1118,東洋大学大学院,法学研究科
1119,東洋大学大学院,経営学研究科
1120,東洋大学大学院,経済学研究科
1121,東洋大学大学院,国際地域学研究科
1122,東洋大学大学院,福祉社会デザイン研究科
1123,東洋大学大学院,理工学研究科
1124,東洋大学大学院,学際・融合科学研究科
1125,東洋大学大学院,生命科学研究科
1126,東洋大学大学院,食環境科学研究科
1127,東洋大学大学院,総合情報学研究科
1128,東洋大学大学院,情報連携学研究科
1129,鶴見大学大学院,歯学研究科
1130,鶴見大学大学院,文学研究科
1131,田園調布学園大学大学院,人間学研究科
1132,桐蔭横浜大学大学院,法学研究科
1133,桐蔭横浜大学大学院,工学研究科
1134,桐蔭横浜大学大学院,スポーツ科学研究科
1135,東海大学大学院,情報通信学研究科
1136,東海大学大学院,総合理工学研究科
1137,東海大学大学院,地球環境科学研究科
1138,東海大学大学院,生物科学研究科
1139,東海大学大学院,文学研究科
1140,東海大学大学院,政治学研究科
1141,東海大学大学院,経済学研究科
1142,東海大学大学院,法学研究科
1143,東海大学大学院,人間環境学研究科
1144,東海大学大学院,芸術学研究科
1145,東海大学大学院,理学研究科
1146,東海大学大学院,体育学研究科
1147,東海大学大学院,医学研究科
1148,東海大学大学院,健康科学研究科
1149,東海大学大学院,海洋学研究科
1150,東海大学大学院,農学研究科
1151,東海大学大学院,工学研究科
1152,高岡法科大学大学院,法学研究科
1153,桐朋学園大学院大学,音楽研究科
1154,富山県立大学大学院,工学研究科
1155,富山大学大学院,人文科学研究科
1156,富山大学大学院,人間発達科学研究科
1157,富山大学大学院,経済学研究科
1158,富山大学大学院,芸術文化学研究科
1159,富山大学大学院,理工学教育部
1160,富山大学大学院,生命融合科学教育部
1161,富山大学大学院,医学薬学教育部
1162,富山大学大学院,教職実践開発研究科
1163,都留文科大学大学院,文学研究科
1164,帝京科学大学大学院,理工学研究科
1165,中部学院大学大学院,人間福祉学研究科
1166,東海学院大学大学院,人間関係学研究科
1167,常葉大学大学院,初等教育高度実践研究科
1168,常葉大学大学院,国際言語文化研究科
1169,常葉大学大学院,健康科学研究科
1170,常葉大学大学院,環境防災研究科
1171,大同大学大学院,工学研究科
1172,大同大学大学院,情報学研究科
1173,中京大学大学院,工学研究科
1174,中京大学大学院,文学研究科
1175,中京大学大学院,国際英語学研究科
1176,中京大学大学院,心理学研究科
1177,中京大学大学院,社会学研究科
1178,中京大学大学院,法学研究科
1179,中京大学大学院,経済学研究科
1180,中京大学大学院,経営学研究科
1181,中京大学大学院,情報科学研究科
1182,中京大学大学院,体育学研究科
1183,中京大学大学院,ビジネス・イノベーション研究科
1184,中部大学大学院,工学研究科
1185,中部大学大学院,経営情報学研究科
1186,中部大学大学院,国際人間学研究科
1187,中部大学大学院,応用生物学研究科
1188,中部大学大学院,生命健康科学研究科
1189,中部大学大学院,教育学研究科
1190,豊橋創造大学大学院,経営情報学研究科
1191,豊橋創造大学大学院,健康科学研究科
1192,東海学園大学大学院,経営学研究科
1193,豊田工業大学大学院,工学研究科
1194,豊橋技術科学大学大学院,工学研究科
1195,同朋大学大学院,文学研究科
1196,同朋大学大学院,人間福祉研究科
1197,同志社女子大学大学院,文学研究科
1198,同志社女子大学大学院,国際社会システム研究科
1199,同志社女子大学大学院,薬学研究科
1200,同志社女子大学大学院,生活科学研究科
1201,同志社大学大学院,神学研究科
1202,同志社大学大学院,文学研究科
1203,同志社大学大学院,社会学研究科
1204,同志社大学大学院,法学研究科
1205,同志社大学大学院,経済学研究科
1206,同志社大学大学院,商学研究科
1207,同志社大学大学院,文化情報学研究科
1208,同志社大学大学院,理工学研究科
1209,同志社大学大学院,生命医科学研究科
1210,同志社大学大学院,脳科学研究科
1211,同志社大学大学院,スポーツ健康科学研究科
1212,同志社大学大学院,心理学研究科
1213,同志社大学大学院,総合政策科学研究科
1214,同志社大学大学院,グローバル・スタディーズ研究科
1215,同志社大学大学院,司法研究科
1216,同志社大学大学院,ビジネス研究科
1217,帝塚山学院大学大学院,人間科学研究科
1218,帝塚山大学大学院,経済学研究科
1219,帝塚山大学大学院,人文科学研究科
1220,帝塚山大学大学院,心理科学研究科
1221,帝塚山大学大学院,法政策研究科
1222,天理大学大学院,宗教文化研究科
1223,天理大学大学院,臨床人間学研究科
1224,天理大学大学院,体育学研究科
1225,公立鳥取環境大学大学院,環境経営研究科
1226,鳥取大学大学院,持続性社会創生科学研究科
1227,鳥取大学大学院,医学系研究科
1228,鳥取大学大学院,工学研究科
1229,鳥取大学大学院,連合農学研究科
1230,鳥取大学大学院,共同獣医学研究科
1231,中国学園大学大学院,現代生活学研究科
1232,中国学園大学大学院,子ども学研究科
1233,東亜大学大学院,総合学術研究科
1234,徳島大学大学院,総合科学教育部
1235,徳島大学大学院,医科学教育部
1236,徳島大学大学院,口腔科学教育部
1237,徳島大学大学院,薬科学教育部
1238,徳島大学大学院,栄養生命科学教育部
1239,徳島大学大学院,保健科学教育部
1240,徳島大学大学院,先端技術科学教育部
1241,徳島文理大学大学院,工学研究科
1242,徳島文理大学大学院,文学研究科
1243,徳島文理大学大学院,薬学研究科
1244,徳島文理大学大学院,人間生活学研究科
1245,徳島文理大学大学院,看護学研究科
1246,徳島文理大学大学院,総合政策学研究科
1247,高松大学大学院,経営学研究科
1248,筑紫女学園大学大学院,人間科学研究科
1249,日本赤十字北海道看護大学大学院,看護学研究科
1250,日本工業大学大学院,工学研究科
1251,日本工業大学大学院,技術経営研究科
1252,人間総合科学大学大学院,人間総合科学研究科
1253,二松學舍大学大学院,文学研究科
1254,二松學舍大学大学院,国際政治経済学研究科
1255,日本医科大学大学院,医学研究科
1256,日本歯科大学大学院,生命歯学研究科
1257,日本歯科大学大学院,新潟生命歯学研究科
1258,日本獣医生命科学大学大学院,獣医生命科学研究科
1259,日本経済大学大学院,経営学研究科
1260,日本社会事業大学大学院,社会福祉学研究科
1261,日本社会事業大学大学院,福祉マネジメント研究科
1262,日本女子体育大学大学院,スポーツ科学研究科
1263,日本女子大学大学院,家政学研究科
1264,日本女子大学大学院,文学研究科
1265,日本女子大学大学院,人間生活学研究科
1266,日本女子大学大学院,人間社会研究科
1267,日本女子大学大学院,理学研究科
1268,日本赤十字看護大学大学院,看護学研究科
1269,日本体育大学大学院,教育学研究科
1270,日本体育大学大学院,体育科学研究科
1271,日本大学大学院,法学研究科
1272,日本大学大学院,新聞学研究科
1273,日本大学大学院,文学研究科
1274,日本大学大学院,総合基礎科学研究科
1275,日本大学大学院,経済学研究科
1276,日本大学大学院,商学研究科
1277,日本大学大学院,芸術学研究科
1278,日本大学大学院,国際関係研究科
1279,日本大学大学院,理工学研究科
1280,日本大学大学院,生産工学研究科
1281,日本大学大学院,工学研究科
1282,日本大学大学院,医学研究科
1283,日本大学大学院,歯学研究科
1284,日本大学大学院,松戸歯学研究科
1285,日本大学大学院,生物資源科学研究科
1286,日本大学大学院,獣医学研究科
1287,日本大学大学院,薬学研究科
1288,日本大学大学院,法務研究科
1289,日本大学大学院,総合社会情報研究科
1290,長岡技術科学大学大学院,工学研究科
1291,長岡技術科学大学大学院,技術経営研究科
1292,長岡造形大学大学院,造形研究科
1293,新潟工科大学大学院,工学研究科
1294,新潟医療福祉大学大学院,医療福祉学研究科
1295,新潟県立看護大学大学院,看護学研究科
1296,新潟県立大学大学院,国際地域学研究科
1297,新潟産業大学大学院,経済学研究科
1298,新潟青陵大学大学院,臨床心理学研究科
1299,新潟青陵大学大学院,看護学研究科
1300,新潟大学大学院,教育学研究科
1301,新潟大学大学院,現代社会文化研究科
1302,新潟大学大学院,自然科学研究科
1303,新潟大学大学院,保健学研究科
1304,新潟大学大学院,医歯学総合研究科
1305,新潟薬科大学大学院,薬学研究科
1306,新潟薬科大学大学院,応用生命科学研究科
1307,新潟リハビリテーション大学大学院,リハビリテーション研究科
1308,長野県看護大学大学院,看護学研究科
1309,名古屋女子大学大学院,生活学研究科
1310,名古屋音楽大学大学院,音楽研究科
1311,名古屋外国語大学大学院,国際コミュニケーション研究科
1312,名古屋学院大学大学院,経済経営研究科
1313,名古屋学院大学大学院,外国語学研究科
1314,名古屋学芸大学大学院,栄養科学研究科
1315,名古屋学芸大学大学院,メディア造形研究科
1316,名古屋学芸大学大学院,子どもケア研究科
1317,名古屋経済大学大学院,法学研究科
1318,名古屋経済大学大学院,会計学研究科
1319,名古屋経済大学大学院,人間生活科学研究科
1320,名古屋芸術大学大学院,音楽研究科
1321,名古屋芸術大学大学院,美術研究科
1322,名古屋芸術大学大学院,デザイン研究科
1323,名古屋芸術大学大学院,人間発達学研究科
1324,名古屋工業大学大学院,工学研究科
1325,名古屋産業大学大学院,環境マネジメント研究科
1326,名古屋商科大学大学院,マネジメント研究科
1327,名古屋商科大学大学院,会計ファイナンス研究科
1328,名古屋市立大学大学院,医学研究科
1329,名古屋市立大学大学院,薬学研究科
1330,名古屋市立大学大学院,経済学研究科
1331,名古屋市立大学大学院,人間文化研究科
1332,名古屋市立大学大学院,芸術工学研究科
1333,名古屋市立大学大学院,看護学研究科
1334,名古屋市立大学大学院,システム自然科学研究科
1335,名古屋造形大学大学院,造形研究科
1336,名古屋大学大学院,人文学研究科
1337,名古屋大学大学院,工学研究科
1338,名古屋大学大学院,教育発達科学研究科
1339,名古屋大学大学院,法学研究科
1340,名古屋大学大学院,経済学研究科
1341,名古屋大学大学院,理学研究科
1342,名古屋大学大学院,医学系研究科
1343,名古屋大学大学院,生命農学研究科
1344,名古屋大学大学院,国際開発研究科
1345,名古屋大学大学院,多元数理科学研究科
1346,名古屋大学大学院,環境学研究科
1347,名古屋大学大学院,情報学研究科
1348,名古屋大学大学院,創薬科学研究科
1349,南山大学大学院,人間文化研究科
1350,南山大学大学院,国際地域文化研究科
1351,南山大学大学院,社会科学研究科
1352,南山大学大学院,ビジネス研究科
1353,南山大学大学院,理工学研究科
1354,南山大学大学院,法務研究科
1355,日本福祉大学大学院,社会福祉学研究科
1356,日本福祉大学大学院,医療・福祉マネジメント研究科
1357,日本福祉大学大学院,福祉社会開発研究科
1358,日本福祉大学大学院,国際社会開発研究科
1359,日本赤十字豊田看護大学大学院,看護学研究科
1360,人間環境大学大学院,人間環境学研究科
1361,人間環境大学大学院,看護学研究科
1362,長浜バイオ大学大学院,バイオサイエンス研究科
1363,奈良教育大学大学院,教育学研究科
1364,奈良県立医科大学大学院,医学研究科
1365,奈良県立医科大学大学院,看護学研究科
1366,奈良女子大学大学院,人間文化研究科
1367,奈良先端科学技術大学院大学,先端科学技術研究科
1368,奈良大学大学院,文学研究科
1369,奈良大学大学院,社会学研究科
1370,新見公立大学大学院,看護学研究科
1371,ノートルダム清心女子大学大学院,文学研究科
1372,ノートルダム清心女子大学大学院,人間生活学研究科
1373,日本赤十字広島看護大学大学院,看護学研究科
1374,鳴門教育大学大学院,学校教育研究科
1375,鳴門教育大学大学院,兵庫教育大学大学院連合学校教育学研究科
1376,鳴門教育大学大学院, 兵庫教育大学大学院連合学校教育学研究科
1377,中村学園大学大学院,栄養科学研究科
1378,中村学園大学大学院,教育学研究科
1379,中村学園大学大学院,流通科学研究科
1380,西日本工業大学大学院,工学研究科
1381,日本赤十字九州国際看護大学大学院,看護学研究科
1382,西九州大学大学院,生活支援科学研究科
1383,長崎純心大学大学院,人間文化研究科
1384,長崎県立大学大学院,経済学研究科
1385,長崎県立大学大学院,国際情報学研究科
1386,長崎県立大学大学院,人間健康科学研究科
1387,長崎国際大学大学院,人間社会学研究科
1388,長崎国際大学大学院,健康管理学研究科
1389,長崎国際大学大学院,薬学研究科
1390,長崎総合科学大学大学院,工学研究科
1391,長崎大学大学院,多文化社会学研究科
1392,長崎大学大学院,教育学研究科
1393,長崎大学大学院,経済学研究科
1394,長崎大学大学院,工学研究科
1395,長崎大学大学院,水産・環境科学総合研究科
1396,長崎大学大学院,医歯薬学総合研究科
1397,長崎大学大学院,医歯薬総合研究科
1398,長崎大学大学院,熱帯医学・グローバルヘルス研究科
1399,日本文理大学大学院,工学研究科
1400,藤女子大学大学院,人間生活学研究科
1401,北翔大学大学院,人間福祉学研究科
1402,北翔大学大学院,生涯学習学研究科
1403,北翔大学大学院,生涯スポーツ学研究科
1404,北星学園大学大学院,社会福祉学研究科
1405,北星学園大学大学院,文学研究科
1406,北星学園大学大学院,経済学研究科
1407,北海学園大学大学院,経済学研究科
1408,北海学園大学大学院,経営学研究科
1409,北海学園大学大学院,法学研究科
1410,北海学園大学大学院,文学研究科
1411,北海学園大学大学院,工学研究科
1412,北海道医療大学大学院,心理科学研究科
1413,北海道医療大学大学院,薬学研究科
1414,北海道医療大学大学院,歯学研究科
1415,北海道医療大学大学院,看護福祉学研究科
1416,北海道医療大学大学院,リハビリテーション科学研究科
1417,北海道科学大学大学院,工学研究科
1418,北海道教育大学大学院,教育学研究科
1419,北海道情報大学大学院,経営情報学研究科
1420,北海道大学大学院,文学研究科
1421,北海道大学大学院,教育学院
1422,北海道大学大学院,法学研究科
1423,北海道大学大学院,経済学研究科
1424,北海道大学大学院,医学院
1425,北海道大学大学院,医理工学院
1426,北海道大学大学院,国際感染症学院
1427,北海道大学大学院,国際食資源学院
1428,北海道大学大学院,理学院
1429,北海道大学大学院,歯学研究科
1430,北海道大学大学院,工学院
1431,北海道大学大学院,農学院
1432,北海道大学大学院,獣医学研究科
1433,北海道大学大学院,水産科学院
1434,北海道大学大学院,国際広報メディア・観光学院
1435,北海道大学大学院,保健科学院
1436,北海道大学大学院,情報科学研究科
1437,北海道大学大学院,環境科学院
1438,北海道大学大学院,生命科学院
1439,北海道大学大学院,公共政策学教育部
1440,北海道大学大学院,総合化学院
1441,北海道文教大学大学院,リハビリテーション科学研究科
1442,北海道文教大学大学院,グローバルコミュニケーション研究科
1443,北海道文教大学大学院,健康栄養科学研究科
1444,北海道薬科大学大学院,薬学研究科
1445,八戸工業大学大学院,工学研究科
1446,弘前学院大学大学院,文学研究科
1447,弘前学院大学大学院,社会福祉学研究科
1448,弘前大学大学院,人文社会科学研究科
1449,弘前大学大学院,教育学研究科
1450,弘前大学大学院,医学研究科
1451,弘前大学大学院,保健学研究科
1452,弘前大学大学院,理工学研究科
1453,弘前大学大学院,農学生命科学研究科
1454,弘前大学大学院,地域社会研究科
1455,弘前大学大学院,岩手大学大学院連合農学研究科
1456,富士大学大学院,経済・経営システム研究科
1457,福島学院大学大学院,心理学研究科
1458,福島県立医科大学大学院,医学研究科
1459,福島県立医科大学大学院,看護学研究科
1460,福島大学大学院,人間発達文化研究科
1461,福島大学大学院,地域政策科学研究科
1462,福島大学大学院,経済学研究科
1463,福島大学大学院,共生システム理工学研究科
1464,白鴎大学大学院,経営学研究科
1465,白鴎大学大学院,法学研究科
1466,文教大学大学院,人間科学研究科
1467,文教大学大学院,言語文化研究科
1468,文教大学大学院,情報学研究科
1469,文教大学大学院,教育学研究科
1470,文教大学大学院,国際学研究科
1471,放送大学大学院,文化科学研究科
1472,ハリウッド大学院大学,ビューティビジネス研究科
1473,一橋大学大学院,経営管理研究科
1474,一橋大学大学院,法学研究科
1475,一橋大学大学院,社会学研究科
1476,一橋大学大学院,言語社会研究科
1477,一橋大学大学院,国際・公共政策教育部
1478,ビジネス・ブレークスルー大学大学院,経営学研究科
1479,文化学園大学大学院,生活環境学研究科
1480,文化学園大学大学院,国際文化研究科
1481,文化ファッション大学院大学,ファッションビジネス研究科
1482,文京学院大学大学院,外国語学研究科
1483,文京学院大学大学院,経営学研究科
1484,文京学院大学大学院,人間学研究科
1485,文京学院大学大学院,保健医療科学研究科
1486,法政大学大学院,人文科学研究科
1487,法政大学大学院,国際文化研究科
1488,法政大学大学院,経済学研究科
1489,法政大学大学院,法学研究科
1490,法政大学大学院,政治学研究科
1491,法政大学大学院,社会学研究科
1492,法政大学大学院,経営学研究科
1493,法政大学大学院,キャリアデザイン学研究科
1494,法政大学大学院,公共政策研究科
1495,法政大学大学院,政治学/公共政策研究科
1496,法政大学大学院,政策創造研究科
1497,法政大学大学院,人間社会研究科
1498,法政大学大学院,スポーツ健康学研究科
1499,法政大学大学院,理工学研究科
1500,法政大学大学院,情報科学研究科
1501,法政大学大学院,デザイン工学研究科
1502,法政大学大学院,情報科学/理工学研究科
1503,法政大学大学院,法務研究科
1504,法政大学大学院,イノベーション・マネジメント研究科
1505,星薬科大学大学院,薬学研究科
1506,フェリス女学院大学大学院,人文科学研究科
1507,フェリス女学院大学大学院,国際交流研究科
1508,フェリス女学院大学大学院,音楽研究科
1509,北陸先端科学技術大学院大学,先端科学技術研究科
1510,福井県立大学大学院,経済・経営学研究科
1511,福井県立大学大学院,生物資源学研究科
1512,福井県立大学大学院,看護福祉学研究科
1513,福井工業大学大学院,工学研究科
1514,福井大学大学院,教育学研究科
1515,福井大学大学院,連合教職開発研究科
1516,福井大学大学院,医学系研究科
1517,福井大学大学院,工学研究科
1518,浜松医科大学大学院,医学系研究科
1519,浜松医科大学大学院,大阪大学・金沢大学・浜松医科大学・千葉大学・福井大学連合小児発達研究科
1520,光産業創成大学院大学,光産業創成研究科
1521,藤田保健衛生大学大学院,医学研究科
1522,藤田保健衛生大学大学院,保健学研究科
1523,藤田保健衛生大学大学院,保健科学研究科
1524,びわこ成蹊スポーツ大学大学院,スポーツ学研究科
1525,花園大学大学院,文学研究科
1526,花園大学大学院,社会福祉学研究科
1527,佛教大学大学院,文学研究科
1528,佛教大学大学院,教育学研究科
1529,佛教大学大学院,社会学研究科
1530,佛教大学大学院,社会福祉学研究科
1531,阪南大学大学院,企業情報研究科
1532,梅花女子大学大学院,文学研究科
1533,梅花女子大学大学院,現代人間学研究科
1534,プール学院大学大学院,国際文化学研究科
1535,兵庫大学大学院,経済情報研究科
1536,姫路獨協大学大学院,言語教育研究科
1537,姫路獨協大学大学院,法学研究科
1538,姫路獨協大学大学院,経済情報研究科
1539,兵庫医科大学大学院,医学研究科
1540,兵庫教育大学大学院,学校教育研究科
1541,兵庫教育大学大学院,連合学校教育学研究科
1542,兵庫県立大学大学院,経済学研究科
1543,兵庫県立大学大学院,経営学研究科
1544,兵庫県立大学大学院,工学研究科
1545,兵庫県立大学大学院,物質理学研究科
1546,兵庫県立大学大学院,生命理学研究科
1547,兵庫県立大学大学院,環境人間学研究科
1548,兵庫県立大学大学院,看護学研究科
1549,兵庫県立大学大学院,応用情報科学研究科
1550,兵庫県立大学大学院,シミュレーション学研究科
1551,兵庫県立大学大学院,会計研究科
1552,兵庫県立大学大学院,経営研究科（MBA）
1553,兵庫県立大学大学院,緑環境景観マネジメント研究科
1554,兵庫県立大学大学院,地域資源マネジメント研究科
1555,兵庫県立大学大学院,減災復興政策研究科
1556,比治山大学大学院,現代文化研究科
1557,広島経済大学大学院,経済学研究科
1558,広島工業大学大学院,工学系研究科
1559,広島国際学院大学大学院,工学研究科
1560,広島国際学院大学大学院,現代社会学研究科
1561,広島国際大学大学院,医療・福祉科学研究科
1562,広島国際大学大学院,心理科学研究科
1563,広島国際大学大学院,工学研究科
1564,広島国際大学大学院,看護学研究科
1565,広島国際大学大学院,薬学研究科
1566,広島修道大学大学院,商学研究科
1567,広島修道大学大学院,人文科学研究科
1568,広島修道大学大学院,法学研究科
1569,広島修道大学大学院,経済科学研究科
1570,広島市立大学大学院,国際学研究科
1571,広島市立大学大学院,情報科学研究科
1572,広島市立大学大学院,芸術学研究科
1573,広島女学院大学大学院,言語文化研究科
1574,広島女学院大学大学院,人間生活学研究科
1575,広島大学大学院,総合科学研究科
1576,広島大学大学院,文学研究科
1577,広島大学大学院,教育学研究科
1578,広島大学大学院,社会科学研究科
1579,広島大学大学院,理学研究科
1580,広島大学大学院,先端物質科学研究科
1581,広島大学大学院,工学研究科
1582,広島大学大学院,生物圏科学研究科
1583,広島大学大学院,医歯薬保健学総合研究科
1584,広島大学大学院,医歯薬学総合研究科
1585,広島大学大学院,国際協力研究科
1586,広島大学大学院,法務研究科
1587,広島文化学園大学大学院,看護学研究科
1588,広島文化学園大学大学院,教育学研究科
1589,広島文教女子大学大学院,人間科学研究科
1590,福山市立大学大学院,教育学研究科
1591,福山市立大学大学院,都市経営学研究科
1592,福山大学大学院,経済学研究科
1593,福山大学大学院,人間科学研究科
1594,福山大学大学院,工学研究科
1595,福山大学大学院,薬学研究科
1596,福山平成大学大学院,経営学研究科
1597,福山平成大学大学院,スポーツ健康科学研究科
1598,福山平成大学大学院,看護学研究科
1599,梅光学院大学大学院,文学研究科
1600,福岡教育大学大学院,教育学研究科
1601,福岡県立大学大学院,人間社会学研究科
1602,福岡県立大学大学院,看護学研究科
1603,福岡工業大学大学院,工学研究科
1604,福岡工業大学大学院,社会環境学研究科
1605,福岡歯科大学大学院,歯学研究科
1606,福岡女学院大学大学院,人文科学研究科
1607,福岡女子大学大学院,人文社会科学研究科
1608,福岡女子大学大学院,人間環境科学研究科
1609,福岡大学大学院,人文科学研究科
1610,福岡大学大学院,法学研究科
1611,福岡大学大学院,経済学研究科
1612,福岡大学大学院,商学研究科
1613,福岡大学大学院,理学研究科
1614,福岡大学大学院,工学研究科
1615,福岡大学大学院,医学研究科
1616,福岡大学大学院,薬学研究科
1617,福岡大学大学院,スポーツ健康科学研究科
1618,福岡大学大学院,法曹実務研究科
1619,別府大学大学院,文学研究科
1620,別府大学大学院,食物栄養科学研究科
1621,室蘭工業大学大学院,工学研究科
1622,宮城教育大学大学院,教育学研究科
1623,宮城学院女子大学大学院,人文科学研究科
1624,宮城学院女子大学大学院,健康栄養学研究科
1625,宮城大学大学院,看護学研究科
1626,宮城大学大学院,事業構想学研究科
1627,宮城大学大学院,食産業学研究科
1628,前橋工科大学大学院,工学研究科
1629,武蔵野学院大学大学院,国際コミュニケーション研究科
1630,ものつくり大学大学院,ものつくり学研究科
1631,明海大学大学院,応用言語学研究科
1632,明海大学大学院,経済学研究科
1633,明海大学大学院,不動産学研究科
1634,明海大学大学院,歯学研究科
1635,武蔵大学大学院,経済学研究科
1636,武蔵大学大学院,人文科学研究科
1637,武蔵野音楽大学大学院,音楽研究科
1638,武蔵野大学大学院,文学研究科
1639,武蔵野大学大学院,言語文化研究科
1640,武蔵野大学大学院,政治経済学研究科
1641,武蔵野大学大学院,人間社会研究科
1642,武蔵野大学大学院,仏教学研究科
1643,武蔵野大学大学院,環境学研究科
1644,武蔵野大学大学院,教育学研究科
1645,武蔵野大学大学院,薬科学研究科
1646,武蔵野大学大学院,看護学研究科
1647,武蔵野大学大学院,人間学研究科
1648,武蔵野美術大学大学院,造形研究科
1649,明治学院大学大学院,文学研究科
1650,明治学院大学大学院,経済学研究科
1651,明治学院大学大学院,社会学研究科
1652,明治学院大学大学院,法学研究科
1653,明治学院大学大学院,国際学研究科
1654,明治学院大学大学院,心理学研究科
1655,明治学院大学大学院,法と経営学研究科
1656,明治大学大学院,法学研究科
1657,明治大学大学院,商学研究科
1658,明治大学大学院,政治経済学研究科
1659,明治大学大学院,経営学研究科
1660,明治大学大学院,文学研究科
1661,明治大学大学院,情報コミュニケーション研究科
1662,明治大学大学院,理工学研究科
1663,明治大学大学院,農学研究科
1664,明治大学大学院,先端数理科学研究科
1665,明治大学大学院,教養デザイン研究科
1666,明治大学大学院,国際日本学研究科
1667,明治大学大学院,法務研究科
1668,明治大学大学院,ガバナンス研究科
1669,明治大学大学院,グローバル・ビジネス研究科
1670,明治大学大学院,会計専門職研究科
1671,明治薬科大学大学院,薬学研究科
1672,明星大学大学院,理工学研究科
1673,明星大学大学院,人文学研究科
1674,明星大学大学院,教育学研究科
1675,明星大学大学院,情報学研究科
1676,明星大学大学院,経済学研究科
1677,目白大学大学院,国際交流研究科
1678,目白大学大学院,心理学研究科
1679,目白大学大学院,経営学研究科
1680,目白大学大学院,生涯福祉研究科
1681,目白大学大学院,言語文化研究科
1682,目白大学大学院,看護学研究科
1683,目白大学大学院,リハビリテーション学研究科
1684,松本歯科大学大学院,歯学独立研究科
1685,名城大学大学院,法学研究科
1686,名城大学大学院,経営学研究科
1687,名城大学大学院,経済学研究科
1688,名城大学大学院,人間学研究科
1689,名城大学大学院,都市情報学研究科
1690,名城大学大学院,理工学研究科
1691,名城大学大学院,農学研究科
1692,名城大学大学院,薬学研究科
1693,名城大学大学院,総合学術研究科
1694,三重県立看護大学大学院,看護学研究科
1695,三重大学大学院,人文社会科学研究科
1696,三重大学大学院,教育学研究科
1697,三重大学大学院,医学系研究科
1698,三重大学大学院,工学研究科
1699,三重大学大学院,生物資源学研究科
1700,三重大学大学院,地域イノベーション学研究科
1701,明治国際医療大学大学院,鍼灸学研究科
1702,桃山学院大学大学院,文学研究科
1703,桃山学院大学大学院,社会学研究科
1704,桃山学院大学大学院,経済学研究科
1705,桃山学院大学大学院,経営学研究科
1706,武庫川女子大学大学院,文学研究科
1707,武庫川女子大学大学院,臨床教育学研究科
1708,武庫川女子大学大学院,生活環境学研究科
1709,武庫川女子大学大学院,薬学研究科
1710,武庫川女子大学大学院,健康・スポーツ科学研究科
1711,武庫川女子大学大学院,看護学研究科
1712,美作大学大学院,生活科学研究科
1713,美作大学大学院,人間発達学研究科
1714,松山大学大学院,経済学研究科
1715,松山大学大学院,経営学研究科
1716,松山大学大学院,言語コミュニケーション研究科
1717,松山大学大学院,社会学研究科
1718,松山大学大学院,医療薬学研究科
1719,南九州大学大学院,園芸学・食品科学研究科
1720,宮崎県立看護大学大学院,看護学研究科
1721,宮崎大学大学院,教育学研究科
1722,宮崎大学大学院,看護学研究科
1723,宮崎大学大学院,工学研究科
1724,宮崎大学大学院,農学研究科
1725,宮崎大学大学院,農学工学総合研究科
1726,宮崎大学大学院,医学獣医学総合研究科
1727,名桜大学大学院,国際文化研究科
1728,名桜大学大学院,看護学研究科
1729,山形県立保健医療大学大学院,保健医療学研究科
1730,山形大学大学院,社会文化システム研究科
1731,山形大学大学院,地域教育文化研究科
1732,山形大学大学院,教育実践研究科
1733,山形大学大学院,理工学研究科
1734,山形大学大学院,有機材料システム研究科
1735,山形大学大学院,医学系研究科
1736,山形大学大学院,農学研究科
1737,山形大学大学院,岩手大学大学院連合農学研究科
1738,横浜国立大学大学院,教育学研究科
1739,横浜国立大学大学院,国際社会科学府
1740,横浜国立大学大学院,理工学府
1741,横浜国立大学大学院,環境情報学府
1742,横浜国立大学大学院,都市イノベーション学府
1743,横浜国立大学大学院,東京学芸大学大学院連合学校教育学研究科
1744,横浜市立大学大学院,都市社会文化研究科
1745,横浜市立大学大学院,生命ナノシステム科学研究科
1746,横浜市立大学大学院,生命医科学研究科
1747,横浜市立大学大学院,国際マネジメント研究科
1748,横浜市立大学大学院,医学研究科
1749,横浜創英大学大学院,看護学研究科
1750,山梨英和大学大学院,人間文化研究科
1751,山梨学院大学大学院,社会科学研究科
1752,山梨県立大学大学院,看護学研究科
1753,山梨大学大学院,教育学研究科
1754,山梨大学大学院,医工農学総合教育部
1755,山梨大学大学院,医学工学総合教育部
1756,安田女子大学大学院,文学研究科
1757,安田女子大学大学院,家政学研究科
1758,安田女子大学大学院,薬学研究科
1759,山口県立大学大学院,国際文化学研究科
1760,山口県立大学大学院,健康福祉学研究科
1761,山口大学大学院,人文科学研究科
1762,山口大学大学院,教育学研究科
1763,山口大学大学院,経済学研究科
1764,山口大学大学院,医学系研究科
1765,山口大学大学院,創成科学研究科
1766,山口大学大学院,東アジア研究科
1767,山口大学大学院,技術経営研究科
1768,山口大学大学院,共同獣医学研究科
1769,山口大学大学院,鳥取大学大学院連合農学研究科
1770,酪農学園大学大学院,獣医学研究科
1771,酪農学園大学大学院,酪農学研究科
1772,流通経済大学大学院,経済学研究科
1773,流通経済大学大学院,社会学研究科
1774,流通経済大学大学院,物流情報学研究科
1775,流通経済大学大学院,法学研究科
1776,流通経済大学大学院,スポーツ健康科学研究科
1777,麗澤大学大学院,言語教育研究科
1778,麗澤大学大学院,経済研究科
1779,立教大学大学院,文学研究科
1780,立教大学大学院,経済学研究科
1781,立教大学大学院,経営学研究科
1782,立教大学大学院,理学研究科
1783,立教大学大学院,社会学研究科
1784,立教大学大学院,法学研究科
1785,立教大学大学院,観光学研究科
1786,立教大学大学院,コミュニティ福祉学研究科
1787,立教大学大学院,現代心理学研究科
1788,立教大学大学院,キリスト教学研究科
1789,立教大学大学院,ビジネスデザイン研究科
1790,立教大学大学院,21世紀社会デザイン研究科
1791,立教大学大学院,異文化コミュニケーション研究科
1792,立正大学大学院,心理学研究科
1793,立正大学大学院,地球環境科学研究科
1794,立正大学大学院,社会福祉学研究科
1795,立正大学大学院,法学研究科
1796,立正大学大学院,経営学研究科
1797,立正大学大学院,経済学研究科
1798,立正大学大学院,文学研究科
1799,ルーテル学院大学大学院,総合人間学研究科
1800,LEC東京リーガルマインド大学院大学,高度専門職研究科
1801,立命館大学大学院,教職研究科
1802,立命館大学大学院,法学研究科
1803,立命館大学大学院,経済学研究科
1804,立命館大学大学院,経営学研究科
1805,立命館大学大学院,社会学研究科
1806,立命館大学大学院,国際関係研究科
1807,立命館大学大学院,政策科学研究科
1808,立命館大学大学院,公務研究科
1809,立命館大学大学院,文学研究科
1810,立命館大学大学院,映像研究科
1811,立命館大学大学院,応用人間科学研究科
1812,立命館大学大学院,言語教育情報研究科
1813,立命館大学大学院,理工学研究科
1814,立命館大学大学院,情報理工学研究科
1815,立命館大学大学院,生命科学研究科
1816,立命館大学大学院,テクノロジー・マネジメント研究科
1817,立命館大学大学院,スポーツ健康科学研究科
1818,立命館大学大学院,先端総合学術研究科
1819,立命館大学大学院,法務研究科
1820,立命館大学大学院,経営管理研究科
1821,立命館大学大学院,薬学研究科
1822,龍谷大学大学院,文学研究科
1823,龍谷大学大学院,法学研究科
1824,龍谷大学大学院,経済学研究科
1825,龍谷大学大学院,経営学研究科
1826,龍谷大学大学院,社会学研究科
1827,龍谷大学大学院,理工学研究科
1828,龍谷大学大学院,国際文化学研究科
1829,龍谷大学大学院,実践真宗学研究科
1830,龍谷大学大学院,政策学研究科
1831,流通科学大学大学院,流通科学研究科
1832,立命館アジア太平洋大学大学院,経営管理研究科
1833,立命館アジア太平洋大学大学院,アジア太平洋研究科
1834,琉球大学大学院,人文社会科学研究科
1835,琉球大学大学院,観光科学研究科
1836,琉球大学大学院,教育学研究科
1837,琉球大学大学院,医学研究科
1838,琉球大学大学院,保健学研究科
1839,琉球大学大学院,理工学研究科
1840,琉球大学大学院,農学研究科
1841,琉球大学大学院,法務研究科
1842,琉球大学大学院,鹿児島大学大学院連合農学研究科
1843,和洋女子大学大学院,人文科学研究科
1844,和洋女子大学大学院,総合生活研究科
1845,和光大学大学院,社会文化総合研究科
1846,早稲田大学大学院,政治学研究科
1847,早稲田大学大学院,経済学研究科
1848,早稲田大学大学院,法学研究科
1849,早稲田大学大学院,文学研究科
1850,早稲田大学大学院,教育学研究科
1851,早稲田大学大学院,商学研究科
1852,早稲田大学大学院,基幹理工学研究科
1853,早稲田大学大学院,創造理工学研究科
1854,早稲田大学大学院,先進理工学研究科
1855,早稲田大学大学院,環境・エネルギー研究科
1856,早稲田大学大学院,情報生産システム研究科
1857,早稲田大学大学院,社会科学研究科
1858,早稲田大学大学院,人間科学研究科
1859,早稲田大学大学院,スポーツ科学研究科
1860,早稲田大学大学院,国際コミュニケーション研究科
1861,早稲田大学大学院,アジア太平洋研究科
1862,早稲田大学大学院,日本語教育研究科
1863,早稲田大学大学院,法務研究科
1864,早稲田大学大学院,会計研究科
1865,早稲田大学大学院,経営管理研究科
1866,和歌山県立医科大学大学院,医学研究科
1867,和歌山県立医科大学大学院,保健看護学研究科
1868,和歌山大学大学院,教育学研究科
1869,和歌山大学大学院,経済学研究科
1870,和歌山大学大学院,システム工学研究科
1871,和歌山大学大学院,観光学研究科
1872,青森大学,総合経営学部
1873,青森大学,社会学部
1874,青森大学,ソフトウェア情報学部
1875,青森大学,薬学部
1876,秋田看護福祉大学,看護福祉学部
1877,麻布大学,獣医学部
1878,麻布大学,生命・環境科学部
1879,愛知学泉大学,家政学部
1880,愛知産業大学,造形学部
1881,愛知産業大学,経営学部
1882,愛知工業大学,工学部
1883,愛知工業大学,経営学部
1884,愛知工業大学,情報科学部
1885,旭川医科大学,医学部
1886,旭川大学,保健福祉学部
1887,旭川大学,経済学部
1888,青森県立保健大学,健康科学部
1889,青森公立大学,経営経済学部
1890,青森中央学院大学,経営法学部
1891,青森中央学院大学,看護学部
1892,秋田県立大学,システム科学技術学部
1893,秋田県立大学,生物資源科学部
1894,秋田公立美術大学,美術学部
1895,秋田大学,国際資源学部
1896,秋田大学,教育文化学部
1897,秋田大学,医学部
1898,秋田大学,理工学部
1899,会津大学,コンピュータ理工学部
1900,足利大学,工学部
1901,足利大学,看護学部
1902,愛国学園大学,人間文化学部
1903,青山学院大学,文学部
1904,青山学院大学,教育人間科学部
1905,青山学院大学,経済学部
1906,青山学院大学,法学部
1907,青山学院大学,経営学部
1908,青山学院大学,国際政治経済学部
1909,青山学院大学,総合文化政策学部
1910,青山学院大学,理工学部
1911,青山学院大学,社会情報学部
1912,青山学院大学,地球社会共生学部
1913,青山学院大学,コミュニティ人間科学部
1914,亜細亜大学,経営学部
1915,亜細亜大学,経済学部
1916,亜細亜大学,法学部
1917,亜細亜大学,国際関係学部
1918,亜細亜大学,都市創造学部
1919,跡見学園女子大学,文学部
1920,跡見学園女子大学,心理学部
1921,跡見学園女子大学,マネジメント学部
1922,跡見学園女子大学,観光コミュニティ学部
1923,朝日大学,保健医療学部
1924,朝日大学,法学部
1925,朝日大学,経営学部
1926,朝日大学,歯学部
1927,愛知医科大学,医学部
1928,愛知医科大学,看護学部
1929,愛知学院大学,文学部
1930,愛知学院大学,心身科学部
1931,愛知学院大学,商学部
1932,愛知学院大学,経営学部
1933,愛知学院大学,経済学部
1934,愛知学院大学,法学部
1935,愛知学院大学,総合政策学部
1936,愛知学院大学,薬学部
1937,愛知学院大学,歯学部
1938,愛知教育大学,教育学部
1939,愛知県立芸術大学,美術学部
1940,愛知県立芸術大学,音楽学部
1941,愛知県立大学,外国語学部
1942,愛知県立大学,日本文化学部
1943,愛知県立大学,教育福祉学部
1944,愛知県立大学,看護学部
1945,愛知県立大学,情報科学部
1946,愛知工科大学,工学部
1947,愛知淑徳大学,文学部
1948,愛知淑徳大学,人間情報学部
1949,愛知淑徳大学,心理学部
1950,愛知淑徳大学,創造表現学部
1951,愛知淑徳大学,健康医療科学部
1952,愛知淑徳大学,福祉貢献学部
1953,愛知淑徳大学,交流文化学部
1954,愛知淑徳大学,ビジネス学部
1955,愛知淑徳大学,グローバル・コミュニケーション学部
1956,愛知大学,法学部
1957,愛知大学,経済学部
1958,愛知大学,経営学部
1959,愛知大学,現代中国学部
1960,愛知大学,国際コミュニケーション学部
1961,愛知大学,文学部
1962,愛知大学,地域政策学部
1963,愛知東邦大学,経営学部
1964,愛知東邦大学,人間健康学部
1965,愛知東邦大学,教育学部
1966,愛知文教大学,人文学部
1967,愛知みずほ大学,人間科学部
1968,藍野大学,医療保健学部
1969,芦屋大学,臨床教育学部
1970,芦屋大学,経営教育学部
1971,岩手医科大学,医学部
1972,岩手医科大学,歯学部
1973,岩手医科大学,薬学部
1974,岩手医科大学,看護学部
1975,石巻専修大学,理工学部
1976,石巻専修大学,経営学部
1977,石巻専修大学,人間学部
1978,いわき明星大学 ,薬学部
1979,いわき明星大学 ,看護学部
1980,いわき明星大学 ,健康医療科学部
1981,茨城キリスト教大学,文学部
1982,茨城キリスト教大学,生活科学部
1983,茨城キリスト教大学,看護学部
1984,茨城キリスト教大学,経営学部
1985,岩手県立大学,看護学部
1986,岩手県立大学,社会福祉学部
1987,岩手県立大学,ソフトウェア情報学部
1988,岩手県立大学,総合政策学部
1989,岩手大学,人文社会科学部
1990,岩手大学,教育学部
1991,岩手大学,理工学部
1992,岩手大学,農学部
1993,茨城県立医療大学,保健医療学部
1994,茨城大学,人文社会科学部
1995,茨城大学,教育学部
1996,茨城大学,理学部
1997,茨城大学,工学部
1998,茨城大学,農学部
1999,石川県立看護大学,看護学部
2000,石川県立大学,生物資源環境学部
2001,一宮研伸大学,看護学部
2002,上野学園大学,音楽学部
2003,宇都宮共和大学,子ども生活学部
2004,宇都宮共和大学,シティライフ学部
2005,宇都宮大学,地域デザイン科学部
2006,宇都宮大学,国際学部
2007,宇都宮大学,教育学部
2008,宇都宮大学,工学部
2009,宇都宮大学,農学部
2010,浦和大学,こども学部
2011,浦和大学,子ども学部
2012,浦和大学,総合福祉学部
2013,植草学園大学,発達教育学部
2014,植草学園大学,保健医療学部
2015,宇部フロンティア大学,人間社会学部
2016,宇部フロンティア大学,人間健康学部
2017,江戸川大学,社会学部
2018,江戸川大学,メディアコミュニケーション学部
2019,エリザベト音楽大学,音楽学部
2020,愛媛県立医療技術大学,保健科学部
2021,愛媛大学,法文学部
2022,愛媛大学,教育学部
2023,愛媛大学,社会共創学部
2024,愛媛大学,理学部
2025,愛媛大学,医学部
2026,愛媛大学,工学部
2027,愛媛大学,農学部
2028,奥羽大学,歯学部
2029,奥羽大学,薬学部
2030,大妻女子大学,家政学部
2031,大妻女子大学,文学部
2032,大妻女子大学,社会情報学部
2033,大妻女子大学,人間関係学部
2034,大妻女子大学,比較文化学部
2035,桜花学園大学,保育学部
2036,桜花学園大学,学芸学部
2037,大谷大学,社会学部
2038,大谷大学,教育学部
2039,大谷大学,文学部
2040,大阪経済大学,経済学部
2041,大阪経済大学,経営学部第1部
2042,大阪経済大学,経営学部第2部
2043,大阪経済大学,情報社会学部
2044,大阪経済大学,人間科学部
2045,大阪電気通信大学,工学部
2046,大阪電気通信大学,情報通信工学部
2047,大阪電気通信大学,医療福祉工学部
2048,大阪電気通信大学,総合情報学部
2049,大阪樟蔭女子大学,学芸学部
2050,大阪樟蔭女子大学,児童教育学部
2051,大阪樟蔭女子大学,健康栄養学部
2052,大阪産業大学,国際学部
2053,大阪産業大学,スポーツ健康学部
2054,大阪産業大学,経営学部
2055,大阪産業大学,経済学部
2056,大阪産業大学,デザイン工学部
2057,大阪産業大学,工学部
2058,追手門学院大学,経済学部
2059,追手門学院大学,経営学部
2060,追手門学院大学,地域創造学部
2061,追手門学院大学,社会学部
2062,追手門学院大学,心理学部
2063,追手門学院大学,国際教養学部
2064,大阪国際大学,経営経済学部
2065,大阪国際大学,国際教養学部
2066,大阪国際大学,人間科学部
2067,大阪大谷大学,薬学部
2068,大阪大谷大学,文学部
2069,大阪大谷大学,教育学部
2070,大阪大谷大学,人間社会学部
2071,小樽商科大学,商学部
2072,帯広畜産大学,畜産学部
2073,桜美林大学,リベラルアーツ学群
2074,桜美林大学,グローバル・コミュニケーション学群
2075,桜美林大学,ビジネスマネジメント学群
2076,桜美林大学,健康福祉学群
2077,桜美林大学,芸術文化学群
2078,お茶の水女子大学,文教育学部
2079,お茶の水女子大学,理学部
2080,お茶の水女子大学,生活科学部
2081,岡崎女子大学,子ども教育学部
2082,大阪青山大学,健康科学部
2083,大阪医科大学,医学部
2084,大阪医科大学,看護学部
2085,大阪音楽大学,音楽学部
2086,大阪河﨑リハビリテーション大学,リハビリテーション学部
2087,大阪観光大学,観光学部
2088,大阪観光大学,国際交流学部
2089,大阪学院大学,商学部
2090,大阪学院大学,経営学部
2091,大阪学院大学,経済学部
2092,大阪学院大学,法学部
2093,大阪学院大学,外国語学部
2094,大阪学院大学,国際学部
2095,大阪学院大学,情報学部
2096,大阪教育大学,教育学部
2097,大阪経済法科大学,国際学部
2098,大阪経済法科大学,経済学部
2099,大阪経済法科大学,経営学部
2100,大阪経済法科大学,法学部
2101,大阪芸術大学,芸術学部
2102,大阪工業大学,知的財産学部
2103,大阪工業大学,情報科学部
2104,大阪工業大学,工学部
2105,大阪工業大学,ロボティクス＆デザイン工学部
2106,大阪歯科大学,歯学部
2107,大阪歯科大学,医療保健学部
2108,大阪商業大学,経済学部
2109,大阪商業大学,総合経営学部
2110,大阪商業大学,公共学部
2111,大阪市立大学,商学部
2112,大阪市立大学,経済学部
2113,大阪市立大学,法学部
2114,大阪市立大学,文学部
2115,大阪市立大学,理学部
2116,大阪市立大学,工学部
2117,大阪市立大学,医学部
2118,大阪市立大学,生活科学部
2119,大阪女学院大学,国際・英語学部
2120,大阪成蹊大学,マネジメント学部
2121,大阪成蹊大学,芸術学部
2122,大阪成蹊大学,教育学部
2123,大阪総合保育大学,児童保育学部
2124,大阪体育大学,体育学部
2125,大阪体育大学,教育学部
2126,大阪大学,文学部
2127,大阪大学,人間科学部
2128,大阪大学,外国語学部
2129,大阪大学,法学部
2130,大阪大学,経済学部
2131,大阪大学,理学部
2132,大阪大学,医学部
2133,大阪大学,歯学部
2134,大阪大学,薬学部
2135,大阪大学,工学部
2136,大阪大学,基礎工学部
2137,大阪人間科学大学,人間科学部
2138,大阪府立大学,現代システム科学域
2139,大阪府立大学,工学域
2140,大阪府立大学,生命環境科学域
2141,大阪府立大学,地域保健学域
2142,大阪物療大学,保健医療学部
2143,大阪保健医療大学,保健医療学部
2144,大阪薬科大学,薬学部
2145,大阪行岡医療大学,医療学部
2146,大手前大学,現代社会学部
2147,大手前大学,総合文化学部
2148,大手前大学,メディア・芸術学部
2149,大手前大学,健康栄養学部
2150,大手前大学,国際看護学部
2151,岡山学院大学,人間生活学部
2152,岡山県立大学,保健福祉学部
2153,岡山県立大学,情報工学部
2154,岡山県立大学,デザイン学部
2155,岡山商科大学,法学部
2156,岡山商科大学,経済学部
2157,岡山商科大学,経営学部
2158,岡山大学,文学部
2159,岡山大学,教育学部
2160,岡山大学,法学部
2161,岡山大学,経済学部
2162,岡山大学,理学部
2163,岡山大学,医学部
2164,岡山大学,歯学部
2165,岡山大学,薬学部
2166,岡山大学,工学部
2167,岡山大学,環境理工学部
2168,岡山大学,農学部
2169,岡山理科大学,理学部
2170,岡山理科大学,工学部
2171,岡山理科大学,総合情報学部
2172,岡山理科大学,生物地球学部
2173,岡山理科大学,教育学部
2174,岡山理科大学,経営学部
2175,岡山理科大学,獣医学部
2176,尾道市立大学,経済情報学部
2177,尾道市立大学,芸術文化学部
2178,大分県立看護科学大学,看護学部
2179,大分大学,教育学部
2180,大分大学,経済学部
2181,大分大学,医学部
2182,大分大学,理工学部
2183,大分大学,福祉健康科学部
2184,沖縄キリスト教学院大学,人文学部
2185,沖縄県立看護大学,看護学部
2186,沖縄県立芸術大学,美術工芸学部
2187,沖縄県立芸術大学,音楽学部
2188,沖縄国際大学,法学部
2189,沖縄国際大学,経済学部
2190,沖縄国際大学,産業情報学部
2191,沖縄国際大学,総合文化学部
2192,沖縄大学,法経学部
2193,沖縄大学,人文学部
2194,沖縄大学,健康栄養学部
2195,神奈川工科大学,工学部
2196,神奈川工科大学,創造工学部
2197,神奈川工科大学,応用バイオ科学部
2198,神奈川工科大学,情報学部
2199,神奈川工科大学,看護学部
2200,神奈川歯科大学,歯学部
2201,関西福祉科学大学,社会福祉学部
2202,関西福祉科学大学,心理科学部
2203,関西福祉科学大学,健康福祉学部
2204,関西福祉科学大学,保健医療学部
2205,関西福祉科学大学,教育学部
2206,関西外国語大学,英語キャリア学部
2207,関西外国語大学,外国語学部
2208,関西外国語大学,英語国際学部
2209,関西国際大学,教育学部
2210,関西国際大学,国際コミュニケーション学部
2211,関西国際大学,人間科学部
2212,関西国際大学,経営学部
2213,関西国際大学,保健医療学部
2214,川崎医療福祉大学,医療福祉学部
2215,川崎医療福祉大学,保健看護学部※
2216,川崎医療福祉大学,リハビリテーション学部※
2217,川崎医療福祉大学,医療技術学部
2218,川崎医療福祉大学,医療福祉マネジメント学部
2219,鹿児島国際大学,経済学部
2220,鹿児島国際大学,福祉社会学部
2221,鹿児島国際大学,国際文化学部
2222,関東学園大学,経済学部
2223,開智国際大学,国際教養学部
2224,開智国際大学,教育学部
2225,亀田医療大学,看護学部
2226,川村学園女子大学,文学部
2227,川村学園女子大学,教育学部
2228,川村学園女子大学,生活創造学部
2229,神田外語大学,外国語学部
2230,嘉悦大学,経営経済学部
2231,学習院女子大学,国際文化交流学部
2232,学習院大学,法学部
2233,学習院大学,経済学部
2234,学習院大学,文学部
2235,学習院大学,理学部
2236,学習院大学,国際社会科学部
2237,神奈川県立保健福祉大学,保健福祉学部
2238,神奈川大学,法学部
2239,神奈川大学,経済学部
2240,神奈川大学,経営学部
2241,神奈川大学,外国語学部
2242,神奈川大学,人間科学部
2243,神奈川大学,理学部
2244,神奈川大学,工学部
2245,鎌倉女子大学,家政学部
2246,鎌倉女子大学,児童学部
2247,鎌倉女子大学,教育学部
2248,関東学院大学,社会学部
2249,関東学院大学,国際文化学部
2250,関東学院大学,法学部
2251,関東学院大学,経済学部
2252,関東学院大学,経営学部
2253,関東学院大学,理工学部
2254,関東学院大学,建築・環境学部
2255,関東学院大学,人間共生学部
2256,関東学院大学,教育学部
2257,関東学院大学,栄養学部
2258,関東学院大学,看護学部
2259,金沢医科大学,医学部
2260,金沢医科大学,看護学部
2261,金沢学院大学,文学部
2262,金沢学院大学,経営情報学部
2263,金沢学院大学,芸術学部
2264,金沢学院大学,人間健康学部
2265,金沢工業大学,工学部
2266,金沢工業大学,情報フロンティア学部
2267,金沢工業大学,建築学部
2268,金沢工業大学,バイオ・化学部
2269,金沢星稜大学,経済学部
2270,金沢星稜大学,人間科学部
2271,金沢星稜大学,人文学部
2272,金沢大学,人間社会学域
2273,金沢大学,理工学域
2274,金沢大学,医薬保健学域
2275,金沢美術工芸大学,美術工芸学部
2276,関西医科大学,医学部
2277,関西医科大学,看護学部
2278,関西医療大学,保健看護学部
2279,関西医療大学,保健医療学部
2280,関西大学,法学部
2281,関西大学,文学部
2282,関西大学,経済学部
2283,関西大学,商学部
2284,関西大学,社会学部
2285,関西大学,政策創造学部
2286,関西大学,外国語学部
2287,関西大学,人間健康学部
2288,関西大学,総合情報学部
2289,関西大学,社会安全学部
2290,関西大学,システム理工学部
2291,関西大学,環境都市工学部
2292,関西大学,化学生命工学部
2293,関西看護医療大学,看護学部
2294,関西福祉大学,社会福祉学部
2295,関西福祉大学,教育学部
2296,関西福祉大学,看護学部
2297,関西学院大学,神学部
2298,関西学院大学,文学部
2299,関西学院大学,社会学部
2300,関西学院大学,法学部
2301,関西学院大学,経済学部
2302,関西学院大学,商学部
2303,関西学院大学,人間福祉学部
2304,関西学院大学,国際学部
2305,関西学院大学,教育学部
2306,関西学院大学,総合政策学部
2307,関西学院大学,理工学部
2308,川崎医科大学,医学部
2309,環太平洋大学,次世代教育学部
2310,環太平洋大学,体育学部
2311,環太平洋大学,経営学部
2312,香川県立保健医療大学,保健医療学部
2313,香川大学,教育学部
2314,香川大学,法学部
2315,香川大学,経済学部
2316,香川大学,医学部
2317,香川大学,創造工学部
2318,香川大学,農学部
2319,活水女子大学,国際文化学部
2320,活水女子大学,音楽学部
2321,活水女子大学,健康生活学部
2322,活水女子大学,看護学部
2323,鹿児島純心女子大学,人間教育学部
2324,鹿児島純心女子大学,看護栄養学部
2325,鹿児島大学,法文学部
2326,鹿児島大学,教育学部
2327,鹿児島大学,理学部
2328,鹿児島大学,医学部
2329,鹿児島大学,歯学部
2330,鹿児島大学,工学部
2331,鹿児島大学,農学部
2332,鹿児島大学,水産学部
2333,鹿児島大学,共同獣医学部
2334,鹿屋体育大学,体育学部
2335,共立女子大学,家政学部
2336,共立女子大学,文芸学部
2337,共立女子大学,国際学部
2338,共立女子大学,看護学部
2339,京都文教大学,総合社会学部
2340,京都文教大学,臨床心理学部
2341,九州共立大学,経済学部
2342,九州共立大学,スポーツ学部
2343,九州栄養福祉大学,食物栄養学部
2344,九州栄養福祉大学,リハビリテーション学部
2345,近畿大学 産業理工学部,産業理工学部
2346,九州情報大学,経営情報学部
2347,九州看護福祉大学,看護福祉学部
2348,北見工業大学,工学部
2349,共愛学園前橋国際大学,国際社会学部
2350,桐生大学,医療保健学部
2351,共栄大学,国際経営学部
2352,共栄大学,教育学部
2353,北里大学,理学部
2354,北里大学,獣医学部
2355,北里大学,海洋生命科学部
2356,北里大学,薬学部
2357,北里大学,医学部
2358,北里大学,看護学部
2359,北里大学,医療衛生学部
2360,杏林大学,医学部
2361,杏林大学,保健学部
2362,杏林大学,総合政策学部
2363,杏林大学,外国語学部
2364,金城大学,社会福祉学部
2365,金城大学,医療健康学部
2366,金城大学,看護学部
2367,岐阜医療科学大学,保健科学部
2368,岐阜医療科学大学,看護学部
2369,岐阜経済大学,経済学部
2370,岐阜経済大学,経営学部
2371,岐阜県立看護大学,看護学部
2372,岐阜聖徳学園大学,教育学部
2373,岐阜聖徳学園大学,外国語学部
2374,岐阜聖徳学園大学,経済情報学部
2375,岐阜聖徳学園大学,看護学部
2376,岐阜女子大学,家政学部
2377,岐阜女子大学,文化創造学部
2378,岐阜大学,教育学部
2379,岐阜大学,地域科学部
2380,岐阜大学,医学部
2381,岐阜大学,工学部
2382,岐阜大学,応用生物科学部
2383,岐阜保健大学,看護学部
2384,岐阜薬科大学,薬学部
2385,金城学院大学,文学部
2386,金城学院大学,生活環境学部
2387,金城学院大学,国際情報学部
2388,金城学院大学,人間科学部
2389,金城学院大学,薬学部
2390,京都医療科学大学,医療科学部
2391,京都華頂大学,現代家政学部
2392,京都看護大学,看護学部
2393,京都外国語大学,外国語学部
2394,京都外国語大学,国際貢献学部
2395,京都教育大学,教育学部
2396,京都工芸繊維大学,工芸科学部
2397,京都産業大学,経済学部
2398,京都産業大学,経営学部
2399,京都産業大学,法学部
2400,京都産業大学,現代社会学部
2401,京都産業大学,外国語学部
2402,京都産業大学,国際関係学部
2403,京都産業大学,文化学部
2404,京都産業大学,理学部
2405,京都産業大学,情報理工学部
2406,京都産業大学,生命科学部
2407,京都市立芸術大学,美術学部
2408,京都市立芸術大学,音楽学部
2409,京都女子大学,文学部
2410,京都女子大学,発達教育学部
2411,京都女子大学,家政学部
2412,京都女子大学,現代社会学部
2413,京都女子大学,法学部
2414,京都精華大学,人文学部
2415,京都精華大学,芸術学部
2416,京都精華大学,デザイン学部
2417,京都精華大学,マンガ学部
2418,京都精華大学,ポピュラーカルチャー学部
2419,京都先端科学大学,経済経営学部
2420,京都先端科学大学,健康医療学部
2421,京都先端科学大学,人文学部
2422,京都先端科学大学,バイオ環境学部
2423,京都造形芸術大学,芸術学部
2424,京都橘大学,国際英語学部
2425,京都橘大学,文学部
2426,京都橘大学,発達教育学部
2427,京都橘大学,現代ビジネス学部
2428,京都橘大学,看護学部
2429,京都橘大学,健康科学部
2430,京都大学,総合人間学部
2431,京都大学,文学部
2432,京都大学,教育学部
2433,京都大学,法学部
2434,京都大学,経済学部
2435,京都大学,理学部
2436,京都大学,医学部
2437,京都大学,薬学部
2438,京都大学,工学部
2439,京都大学,農学部
2440,京都ノートルダム女子大学,国際言語文化学部
2441,京都ノートルダム女子大学,現代人間学部
2442,京都美術工芸大学,工芸学部
2443,京都府立医科大学,医学部
2444,京都府立大学,文学部
2445,京都府立大学,公共政策学部
2446,京都府立大学,生命環境学部
2447,京都薬科大学,薬学部
2448,近畿大学,法学部
2449,近畿大学,経済学部
2450,近畿大学,経営学部
2451,近畿大学,理工学部
2452,近畿大学,建築学部
2453,近畿大学,薬学部
2454,近畿大学,文芸学部
2455,近畿大学,総合社会学部
2456,近畿大学,農学部
2457,近畿大学,医学部
2458,近畿大学,生物理工学部
2459,近畿大学,工学部
2460,近畿大学,産業理工学部
2461,近畿大学,国際学部
2462,畿央大学,健康科学部
2463,畿央大学,教育学部
2464,吉備国際大学,社会科学部
2465,吉備国際大学,保健医療福祉学部
2466,吉備国際大学,心理学部
2467,吉備国際大学,農学部
2468,吉備国際大学,外国語学部
2469,吉備国際大学,アニメーション文化学部
2470,北九州市立大学,外国語学部
2471,北九州市立大学,経済学部
2472,北九州市立大学,文学部
2473,北九州市立大学,法学部
2474,北九州市立大学,地域創生学群
2475,北九州市立大学,国際環境工学部
2476,九州工業大学,工学部
2477,九州工業大学,情報工学部
2478,九州国際大学,法学部
2479,九州国際大学,現代ビジネス学部
2480,九州産業大学,国際文化学部
2481,九州産業大学,人間科学部
2482,九州産業大学,経済学部
2483,九州産業大学,商学部
2484,九州産業大学,地域共創学部
2485,九州産業大学,理工学部
2486,九州産業大学,生命科学部
2487,九州産業大学,建築都市工学部
2488,九州産業大学,芸術学部
2489,九州歯科大学,歯学部
2490,九州女子大学,家政学部
2491,九州女子大学,人間科学部
2492,九州大学,文学部
2493,九州大学,教育学部
2494,九州大学,法学部
2495,九州大学,経済学部
2496,九州大学,理学部
2497,九州大学,医学部
2498,九州大学,歯学部
2499,九州大学,薬学部
2500,九州大学,工学部
2501,九州大学,芸術工学部
2502,九州大学,農学部
2503,九州大学,共創学部
2504,九州ルーテル学院大学,人文学部
2505,九州保健福祉大学,社会福祉学部
2506,九州保健福祉大学,保健科学部
2507,九州保健福祉大学,薬学部
2508,九州保健福祉大学,生命医科学部
2509,群馬医療福祉大学,社会福祉学部
2510,群馬医療福祉大学,看護学部
2511,群馬医療福祉大学,リハビリテーション学部
2512,くらしき作陽大学,音楽学部
2513,くらしき作陽大学,食文化学部
2514,くらしき作陽大学,子ども教育学部
2515,久留米大学,文学部
2516,久留米大学,人間健康学部
2517,久留米大学,法学部
2518,久留米大学,経済学部
2519,久留米大学,商学部
2520,久留米大学,医学部
2521,釧路公立大学,経済学部
2522,群馬県立県民健康科学大学,看護学部
2523,群馬県立県民健康科学大学,診療放射線学部
2524,群馬県立女子大学,文学部
2525,群馬県立女子大学,国際コミュニケーション学部
2526,群馬パース大学,保健科学部
2527,群馬大学,教育学部
2528,群馬大学,社会情報学部
2529,群馬大学,医学部
2530,群馬大学,理工学部
2531,国立音楽大学,音楽学部
2532,倉敷芸術科学大学,芸術学部
2533,倉敷芸術科学大学,生命科学部
2534,倉敷芸術科学大学,危機管理学部
2535,久留米工業大学,工学部
2536,熊本学園大学,商学部
2537,熊本学園大学,経済学部
2538,熊本学園大学,外国語学部
2539,熊本学園大学,社会福祉学部第一部
2540,熊本学園大学,社会福祉学部第二部
2541,熊本県立大学,文学部
2542,熊本県立大学,環境共生学部
2543,熊本県立大学,総合管理学部
2544,熊本大学,文学部
2545,熊本大学,教育学部
2546,熊本大学,法学部
2547,熊本大学,理学部
2548,熊本大学,医学部
2549,熊本大学,薬学部
2550,熊本大学,工学部
2551,熊本保健科学大学,保健科学部
2552,敬愛大学,経済学部
2553,敬愛大学,国際学部
2554,慶應義塾大学,文学部
2555,慶應義塾大学,経済学部
2556,慶應義塾大学,法学部
2557,慶應義塾大学,商学部
2558,慶應義塾大学,医学部
2559,慶應義塾大学,理工学部
2560,慶應義塾大学,総合政策学部
2561,慶應義塾大学,環境情報学部
2562,慶應義塾大学,看護医療学部
2563,慶應義塾大学,薬学部
2564,恵泉女学園大学,人文学部
2565,恵泉女学園大学,人間社会学部
2566,敬和学園大学,人文学部
2567,健康科学大学,健康科学部
2568,健康科学大学,看護学部
2569,郡山女子大学,家政学部
2570,國學院大學,文学部
2571,國學院大學,神道文化学部
2572,國學院大學,法学部
2573,國學院大學,経済学部
2574,國學院大學,人間開発学部
2575,皇學館大学,文学部
2576,皇學館大学,教育学部
2577,皇學館大学,現代日本社会学部
2578,神戸国際大学,経済学部
2579,神戸国際大学,リハビリテーション学部
2580,神戸海星女子学院大学,現代人間学部
2581,神戸松蔭女子学院大学,教育学部
2582,神戸松蔭女子学院大学,文学部
2583,神戸松蔭女子学院大学,人間科学部
2584,国際教養大学,国際教養学部
2585,国際医療福祉大学,保健医療学部
2586,国際医療福祉大学,医療福祉学部
2587,国際医療福祉大学,薬学部
2588,国際医療福祉大学,小田原保健医療学部
2589,国際医療福祉大学,福岡看護学部
2590,国際医療福祉大学,福岡保健医療学部
2591,国際医療福祉大学,成田看護学部
2592,国際医療福祉大学,成田保健医療学部
2593,国際医療福祉大学,医学部
2594,国際武道大学,体育学部
2595,工学院大学,情報学部
2596,工学院大学,先進工学部
2597,工学院大学,工学部
2598,工学院大学,建築学部
2599,国際基督教大学,教養学部
2600,国士舘大学,政経学部
2601,国士舘大学,体育学部
2602,国士舘大学,理工学部
2603,国士舘大学,法学部
2604,国士舘大学,文学部
2605,国士舘大学,21世紀アジア学部
2606,国士舘大学,経営学部
2607,こども教育宝仙大学,こども教育学部
2608,駒沢女子大学,人間総合学群
2609,駒沢女子大学,人間健康学部
2610,駒沢女子大学,看護学部
2611,駒澤大学,仏教学部
2612,駒澤大学,文学部
2613,駒澤大学,経済学部
2614,駒澤大学,法学部
2615,駒澤大学,経営学部
2616,駒澤大学,医療健康科学部
2617,駒澤大学,グローバル・メディア・スタディーズ学部
2618,公立小松大学,生産システム科学部
2619,公立小松大学,保健医療学部
2620,公立小松大学,国際文化交流学部
2621,公立諏訪東京理科大学,工学部
2622,京都光華女子大学,こども教育学部
2623,京都光華女子大学,健康科学部
2624,京都光華女子大学,キャリア形成学部
2625,甲子園大学,栄養学部
2626,甲子園大学,心理学部
2627,甲南女子大学,医療栄養学部
2628,甲南女子大学,看護リハビリテーション学部
2629,甲南女子大学,文学部
2630,甲南女子大学,人間科学部
2631,甲南大学,文学部
2632,甲南大学,経済学部
2633,甲南大学,経営学部
2634,甲南大学,法学部
2635,甲南大学,マネジメント創造学部
2636,甲南大学,理工学部
2637,甲南大学,知能情報学部
2638,甲南大学,フロンティアサイエンス学部
2639,神戸医療福祉大学,社会福祉学部
2640,神戸学院大学,法学部
2641,神戸学院大学,経済学部
2642,神戸学院大学,経営学部
2643,神戸学院大学,人文学部
2644,神戸学院大学,心理学部
2645,神戸学院大学,現代社会学部
2646,神戸学院大学,グローバルコミュニケーション学部
2647,神戸学院大学,総合リハビリテーション学部
2648,神戸学院大学,栄養学部
2649,神戸学院大学,薬学部
2650,神戸芸術工科大学,芸術工学部
2651,神戸市看護大学,看護学部
2652,神戸市外国語大学,外国語学部
2653,神戸市外国語大学,外国語学部第2部
2654,神戸夙川学院大学,
2655,神戸親和女子大学,文学部
2656,神戸親和女子大学,発達教育学部
2657,神戸女学院大学,文学部
2658,神戸女学院大学,音楽学部
2659,神戸女学院大学,人間科学部
2660,神戸女子大学,文学部
2661,神戸女子大学,家政学部
2662,神戸女子大学,健康福祉学部
2663,神戸女子大学,看護学部
2664,神戸大学,文学部
2665,神戸大学,国際人間科学部
2666,神戸大学,法学部
2667,神戸大学,経済学部
2668,神戸大学,経営学部
2669,神戸大学,理学部
2670,神戸大学,医学部
2671,神戸大学,工学部
2672,神戸大学,農学部
2673,神戸大学,海事科学部
2674,神戸常盤大学,保健科学部
2675,神戸常盤大学,教育学部
2676,神戸薬科大学,薬学部
2677,神戸山手大学,現代社会学部
2678,高野山大学,文学部
2679,高知県立大学,文化学部
2680,高知県立大学,看護学部
2681,高知県立大学,社会福祉学部
2682,高知県立大学,健康栄養学部
2683,高知工科大学,システム工学群
2684,高知工科大学,環境理工学群
2685,高知工科大学,情報学群
2686,高知工科大学,経済・マネジメント学群
2687,高知大学,人文社会科学部
2688,高知大学,教育学部
2689,高知大学,理工学部
2690,高知大学,医学部
2691,高知大学,農林海洋科学部
2692,高知大学,地域協働学部
2693,高知大学,土佐さきがけプログラム
2694,札幌学院大学,心理学部
2695,札幌学院大学,人文学部
2696,札幌学院大学,法学部
2697,札幌学院大学,経済学部
2698,札幌学院大学,経営学部
2699,作新学院大学,経営学部
2700,作新学院大学,人間文化学部
2701,作新学院大学,人間文学部
2702,埼玉学園大学,人間学部
2703,埼玉学園大学,経済経営学部
2704,埼玉工業大学,工学部
2705,埼玉工業大学,人間社会学部
2706,産業能率大学,経営学部
2707,産業能率大学,情報マネジメント学部
2708,山陽学園大学,看護学部
2709,山陽学園大学,総合人間学部
2710,山陽学園大学,地域マネジメント学部
2711,サイバー大学,IT総合学部
2712,札幌医科大学,医学部
2713,札幌医科大学,保健医療学部
2714,札幌市立大学,デザイン学部
2715,札幌市立大学,看護学部
2716,札幌大谷大学,芸術学部
2717,札幌大谷大学,社会学部
2718,札幌国際大学,人文学部
2719,札幌国際大学,観光学部
2720,札幌国際大学,スポーツ人間学部
2721,札幌大学,地域共創学群
2722,札幌保健医療大学,保健医療学部
2723,埼玉医科大学,医学部
2724,埼玉医科大学,保健医療学部
2725,埼玉県立大学,保健医療福祉学部
2726,埼玉大学,教養学部
2727,埼玉大学,教育学部
2728,埼玉大学,経済学部
2729,埼玉大学,理学部
2730,埼玉大学,工学部
2731,三育学院大学,看護学部
2732,相模女子大学,学芸学部
2733,相模女子大学,人間社会学部
2734,相模女子大学,栄養科学部
2735,佐久大学,看護学部
2736,嵯峨美術大学,芸術学部
2737,山陽小野田市立山口東京理科大学,工学部
2738,山陽小野田市立山口東京理科大学,薬学部
2739,産業医科大学,医学部
2740,産業医科大学,産業保健学部
2741,佐賀大学,教育学部
2742,佐賀大学,芸術地域デザイン学部
2743,佐賀大学,経済学部
2744,佐賀大学,医学部
2745,佐賀大学,理工学部
2746,佐賀大学,農学部
2747,尚絅学院大学,人文社会学群
2748,尚絅学院大学,心理・教育学群
2749,尚絅学院大学,健康栄養学群
2750,城西大学,経済学部
2751,城西大学,現代政策学部
2752,城西大学,経営学部
2753,城西大学,理学部
2754,城西大学,薬学部
2755,十文字学園女子大学,人間生活学部
2756,秀明大学,学校教師学部
2757,秀明大学,総合経営学部
2758,秀明大学,英語情報マネジメント学部
2759,秀明大学,観光ビジネス学部
2760,秀明大学,看護学部
2761,城西国際大学,看護学部
2762,城西国際大学,薬学部
2763,城西国際大学,福祉総合学部
2764,城西国際大学,経営情報学部
2765,城西国際大学,メディア学部
2766,城西国際大学,国際人文学部
2767,城西国際大学,観光学部
2768,白百合女子大学,文学部
2769,白百合女子大学,人間総合学部
2770,至学館大学,健康科学部
2771,修文大学,看護学部
2772,修文大学,健康栄養学部
2773,四條畷学園大学,リハビリテーション学部
2774,四條畷学園大学,看護学部
2775,志學館大学,人間関係学部
2776,志學館大学,法学部
2777,自治医科大学,医学部
2778,自治医科大学,看護学部
2779,上武大学,看護学部
2780,上武大学,ビジネス情報学部
2781,尚美学園大学,芸術情報学部
2782,尚美学園大学,総合政策学部
2783,女子栄養大学,栄養学部
2784,淑徳大学,総合福祉学部
2785,淑徳大学,コミュニティ政策学部
2786,淑徳大学,教育学部
2787,淑徳大学,看護栄養学部
2788,淑徳大学,経営学部
2789,淑徳大学,人文学部
2790,芝浦工業大学,工学部
2791,芝浦工業大学,建築学部
2792,芝浦工業大学,システム理工学部
2793,芝浦工業大学,デザイン工学部
2794,首都大学東京,人文社会学部
2795,首都大学東京,法学部
2796,首都大学東京,経済経営学部
2797,首都大学東京,理学部
2798,首都大学東京,都市環境学部
2799,首都大学東京,システムデザイン学部
2800,首都大学東京,健康福祉学部
2801,昭和女子大学,人間文化学部
2802,昭和女子大学,国際学部
2803,昭和女子大学,人間社会学部
2804,昭和女子大学,生活科学部
2805,昭和女子大学,グローバルビジネス学部
2806,昭和大学,医学部
2807,昭和大学,歯学部
2808,昭和大学,薬学部
2809,昭和大学,保健医療学部
2810,昭和薬科大学,薬学部
2811,白梅学園大学,子ども学部
2812,実践女子大学,文学部
2813,実践女子大学,生活科学部
2814,実践女子大学,人間社会学部
2815,順天堂大学,医学部
2816,順天堂大学,スポーツ健康科学部
2817,順天堂大学,医療看護学部
2818,順天堂大学,保健看護学部
2819,順天堂大学,保健医療学部
2820,順天堂大学,国際教養学部
2821,上智大学,神学部
2822,上智大学,文学部
2823,上智大学,総合人間科学部
2824,上智大学,法学部
2825,上智大学,経済学部
2826,上智大学,外国語学部
2827,上智大学,総合グローバル学部
2828,上智大学,国際教養学部
2829,上智大学,理工学部
2830,松蔭大学,経営文化学部
2831,松蔭大学,コミュニケーション文化学部
2832,松蔭大学,観光メディア文化学部
2833,松蔭大学,看護学部
2834,湘南医療大学,保健医療学部
2835,湘南工科大学,工学部
2836,昭和音楽大学,音楽学部
2837,女子美術大学,芸術学部
2838,上越教育大学,学校教育学部
2839,仁愛大学,人間学部
2840,仁愛大学,人間生活学部
2841,信州大学,人文学部
2842,信州大学,教育学部
2843,信州大学,経法学部
2844,信州大学,理学部
2845,信州大学,医学部
2846,信州大学,工学部
2847,信州大学,農学部
2848,信州大学,繊維学部
2849,静岡英和学院大学,人間社会学部
2850,静岡県立大学,薬学部
2851,静岡県立大学,食品栄養科学部
2852,静岡県立大学,国際関係学部
2853,静岡県立大学,経営情報学部
2854,静岡県立大学,看護学部
2855,静岡産業大学,経営学部
2856,静岡産業大学,情報学部
2857,静岡大学,人文社会科学部
2858,静岡大学,教育学部
2859,静岡大学,情報学部
2860,静岡大学,理学部
2861,静岡大学,工学部
2862,静岡大学,農学部
2863,静岡大学,地域創造学環
2864,静岡福祉大学,社会福祉学部
2865,静岡福祉大学,子ども学部
2866,静岡文化芸術大学,文化政策学部
2867,静岡文化芸術大学,デザイン学部
2868,静岡理工科大学,理工学部
2869,静岡理工科大学,情報学部
2870,滋賀医科大学,医学部
2871,滋賀県立大学,環境科学部
2872,滋賀県立大学,工学部
2873,滋賀県立大学,人間文化学部
2874,滋賀県立大学,人間看護学部
2875,滋賀大学,教育学部
2876,滋賀大学,経済学部
2877,滋賀大学,データサイエンス学部
2878,種智院大学,人文学部
2879,四天王寺大学,人文社会学部
2880,四天王寺大学,教育学部
2881,四天王寺大学,経営学部
2882,四天王寺大学,看護学部
2883,島根県立大学,総合政策学部
2884,島根県立大学,看護栄養学部
2885,島根県立大学,人間文化学部
2886,島根大学,人間科学部
2887,島根大学,法文学部
2888,島根大学,教育学部
2889,島根大学,医学部
2890,島根大学,総合理工学部
2891,島根大学,生物資源科学部
2892,就実大学,人文科学部
2893,就実大学,教育学部
2894,就実大学,経営学部
2895,就実大学,薬学部
2896,至誠館大学,ライフデザイン学部
2897,下関市立大学,経済学部
2898,四国大学,文学部
2899,四国大学,経営情報学部
2900,四国大学,生活科学部
2901,四国大学,看護学部
2902,四国学院大学,文学部
2903,四国学院大学,社会福祉学部
2904,四国学院大学,社会学部
2905,純真学園大学,保健医療学部
2906,尚絅大学,生活科学部
2907,尚絅大学,現代文化学部
2908,駿河台大学,法学部
2909,駿河台大学,経済経営学部
2910,駿河台大学,メディア情報学部
2911,駿河台大学,心理学部
2912,杉野服飾大学,服飾学部
2913,椙山女学園大学,生活科学部
2914,椙山女学園大学,国際コミュニケーション学部
2915,椙山女学園大学,人間関係学部
2916,椙山女学園大学,文化情報学部
2917,椙山女学園大学,現代マネジメント学部
2918,椙山女学園大学,教育学部
2919,椙山女学園大学,看護学部
2920,鈴鹿医療科学大学,保健衛生学部
2921,鈴鹿医療科学大学,医用工学部
2922,鈴鹿医療科学大学,薬学部
2923,鈴鹿医療科学大学,看護学部
2924,鈴鹿大学,国際地域学部
2925,鈴鹿大学,こども教育学部
2926,仙台大学,体育学部
2927,仙台白百合女子大学,人間学部
2928,聖学院大学,政治経済学部
2929,聖学院大学,人文学部
2930,聖学院大学,心理福祉学部
2931,清泉女子大学,文学部
2932,成蹊大学,経済学部
2933,成蹊大学,法学部
2934,成蹊大学,文学部
2935,成蹊大学,理工学部
2936,聖心女子大学,現代教養学部
2937,星城大学,経営学部
2938,星城大学,リハビリテーション学部
2939,千里金蘭大学,生活科学部
2940,千里金蘭大学,看護学部
2941,西南女学院大学,保健福祉学部
2942,西南女学院大学,人文学部
2943,星槎道都大学,社会福祉学部
2944,星槎道都大学,経営学部
2945,星槎道都大学,美術学部
2946,西武文理大学,サービス経営学部
2947,西武文理大学,看護学部
2948,聖徳大学,児童学部
2949,聖徳大学,心理・福祉学部
2950,聖徳大学,文学部
2951,聖徳大学,人間栄養学部
2952,聖徳大学,看護学部
2953,聖徳大学,音楽学部
2954,清和大学,法学部
2955,成城大学,経済学部
2956,成城大学,文芸学部
2957,成城大学,法学部
2958,成城大学,社会イノベーション学部
2959,聖路加国際大学,看護学部
2960,専修大学,経済学部
2961,専修大学,法学部
2962,専修大学,経営学部
2963,専修大学,商学部
2964,専修大学,文学部
2965,専修大学,ネットワーク情報学部
2966,専修大学,人間科学部
2967,専修大学,経済学部二部
2968,専修大学,法学部二部
2969,専修大学,商学部二部
2970,星槎大学,共生科学部
2971,聖マリアンナ医科大学,医学部
2972,洗足学園音楽大学,音楽学部
2973,清泉女学院大学,人間学部
2974,聖隷クリストファー大学,看護学部
2975,聖隷クリストファー大学,リハビリテーション学部
2976,聖隷クリストファー大学,社会福祉学部
2977,成安造形大学,芸術学部
2978,聖泉大学,人間学部
2979,聖泉大学,看護学部
2980,摂南大学,法学部
2981,摂南大学,外国語学部
2982,摂南大学,経済学部
2983,摂南大学,経営学部
2984,摂南大学,理工学部
2985,摂南大学,薬学部
2986,摂南大学,看護学部
2987,聖カタリナ大学,人間健康福祉学部
2988,西南学院大学,神学部
2989,西南学院大学,文学部
2990,西南学院大学,商学部
2991,西南学院大学,経済学部
2992,西南学院大学,法学部
2993,西南学院大学,人間科学部
2994,西南学院大学,国際文化学部
2995,聖マリア学院大学,看護学部
2996,相愛大学,音楽学部
2997,相愛大学,人文学部
2998,相愛大学,人間発達学部
2999,園田学園女子大学,人間健康学部
3000,園田学園女子大学,人間教育学部
3001,創価大学,経済学部
3002,創価大学,経営学部
3003,創価大学,法学部
3004,創価大学,文学部
3005,創価大学,教育学部
3006,創価大学,理工学部
3007,創価大学,看護学部
3008,創価大学,国際教養学部
3009,崇城大学,工学部
3010,崇城大学,情報学部
3011,崇城大学,生物生命学部
3012,崇城大学,芸術学部
3013,崇城大学,薬学部
3014,大東文化大学,文学部
3015,大東文化大学,外国語学部
3016,大東文化大学,経済学部
3017,大東文化大学,経営学部
3018,大東文化大学,法学部
3019,大東文化大学,国際関係学部
3020,大東文化大学,スポーツ・健康科学部
3021,大東文化大学,社会科学部
3022,多摩大学,経営情報学部
3023,多摩大学,グローバルスタディーズ学部
3024,大同大学,工学部
3025,大同大学,情報学部
3026,高崎経済大学,経済学部
3027,高崎経済大学,地域政策学部
3028,高崎健康福祉大学,健康福祉学部
3029,高崎健康福祉大学,保健医療学部
3030,高崎健康福祉大学,薬学部
3031,高崎健康福祉大学,人間発達学部
3032,高崎健康福祉大学,農学部
3033,高崎商科大学,商学部
3034,大正大学,地域創生学部
3035,大正大学,心理社会学部
3036,大正大学,人間学部
3037,大正大学,文学部
3038,大正大学,表現学部
3039,大正大学,仏教学部
3040,高千穂大学,商学部
3041,高千穂大学,経営学部
3042,高千穂大学,人間科学部
3043,拓殖大学,商学部
3044,拓殖大学,政経学部
3045,拓殖大学,外国語学部
3046,拓殖大学,国際学部
3047,拓殖大学,工学部
3048,玉川大学,文学部
3049,玉川大学,農学部
3050,玉川大学,工学部
3051,玉川大学,経営学部
3052,玉川大学,教育学部
3053,玉川大学,芸術学部
3054,玉川大学,リベラルアーツ学部
3055,玉川大学,観光学部
3056,多摩美術大学,美術学部
3057,高岡法科大学,法学部
3058,太成学院大学,看護学部
3059,太成学院大学,人間学部
3060,太成学院大学,経営学部
3061,宝塚大学,看護学部
3062,宝塚大学,東京メディア芸術学部
3063,宝塚医療大学,保健医療学部
3064,高松大学,経営学部
3065,高松大学,発達科学部
3066,第一薬科大学,薬学部
3067,第一工業大学,工学部
3068,千葉科学大学,薬学部
3069,千葉科学大学,危機管理学部
3070,千葉科学大学,看護学部
3071,中京学院大学,看護学部
3072,中京学院大学,経営学部
3073,中部学院大学,人間福祉学部
3074,中部学院大学,教育学部
3075,中部学院大学,看護リハビリテーション学部
3076,中部学院大学,スポーツ健康科学部
3077,筑紫女学園大学,文学部
3078,筑紫女学園大学,人間科学部
3079,筑紫女学園大学,現代社会学部
3080,千歳科学技術大学,理工学部
3081,千葉経済大学,経済学部
3082,千葉県立保健医療大学,健康科学部
3083,千葉工業大学,工学部
3084,千葉工業大学,創造工学部
3085,千葉工業大学,先進工学部
3086,千葉工業大学,情報科学部
3087,千葉工業大学,社会システム科学部
3088,千葉商科大学,国際教養学部
3089,千葉商科大学,サービス創造学部
3090,千葉商科大学,人間社会学部
3091,千葉商科大学,政策情報学部
3092,千葉商科大学,商経学部
3093,千葉大学,国際教養学部
3094,千葉大学,文学部
3095,千葉大学,教育学部
3096,千葉大学,法政経学部
3097,千葉大学,理学部
3098,千葉大学,医学部
3099,千葉大学,薬学部
3100,千葉大学,看護学部
3101,千葉大学,工学部
3102,千葉大学,園芸学部
3103,中央学院大学,商学部
3104,中央学院大学,法学部
3105,中央学院大学,現代教養学部
3106,中央大学,法学部
3107,中央大学,経済学部
3108,中央大学,商学部
3109,中央大学,理工学部
3110,中央大学,文学部
3111,中央大学,総合政策学部
3112,中央大学,国際経営学部
3113,中央大学,国際情報学部
3114,中京大学,文学部
3115,中京大学,国際英語学部
3116,中京大学,国際教養学部
3117,中京大学,心理学部
3118,中京大学,現代社会学部
3119,中京大学,法学部
3120,中京大学,総合政策学部
3121,中京大学,経済学部
3122,中京大学,経営学部
3123,中京大学,工学部
3124,中京大学,スポーツ科学部
3125,中部大学,工学部
3126,中部大学,経営情報学部
3127,中部大学,国際関係学部
3128,中部大学,人文学部
3129,中部大学,応用生物学部
3130,中部大学,生命健康科学部
3131,中部大学,現代教育学部
3132,中国学園大学,現代生活学部
3133,中国学園大学,子ども学部
3134,中国学園大学,国際教養学部
3135,津田塾大学,学芸学部
3136,津田塾大学,総合政策学部
3137,筑波学院大学,経営情報学部
3138,筑波技術大学,産業技術学部
3139,筑波技術大学,保健科学部
3140,つくば国際大学,医療保健学部
3141,筑波大学,人文・文化学群
3142,筑波大学,社会・国際学群
3143,筑波大学,人間学群
3144,筑波大学,生命環境学群
3145,筑波大学,理工学群
3146,筑波大学,情報学群
3147,筑波大学,医学群
3148,筑波大学,体育専門学群
3149,筑波大学,芸術専門学群
3150,鶴見大学,歯学部
3151,鶴見大学,文学部
3152,敦賀市立看護大学,看護学部
3153,都留文科大学,文学部
3154,都留文科大学,教養学部
3155,田園調布学園大学,人間福祉学部
3156,田園調布学園大学,子ども未来学部
3157,天理大学,人間学部
3158,天理大学,文学部
3159,天理大学,国際学部
3160,天理大学,体育学部
3161,天使大学,看護栄養学部
3162,帝京科学大学,生命環境学部
3163,帝京科学大学,医療科学部
3164,帝京科学大学,教育人間科学部
3165,帝京大学,医学部
3166,帝京大学,薬学部
3167,帝京大学,経済学部
3168,帝京大学,法学部
3169,帝京大学,文学部
3170,帝京大学,外国語学部
3171,帝京大学,教育学部
3172,帝京大学,理工学部
3173,帝京大学,医療技術学部
3174,帝京大学,福岡医療技術学部
3175,帝京平成大学,薬学部
3176,帝京平成大学,現代ライフ学部
3177,帝京平成大学,ヒューマンケア学部
3178,帝京平成大学,健康メディカル学部
3179,帝京平成大学,健康医療スポーツ学部
3180,電気通信大学,情報理工学域
3181,デジタルハリウッド大学,デジタルコミュニケーション学部
3182,帝塚山学院大学,リベラルアーツ学部
3183,帝塚山学院大学,人間科学部
3184,帝塚山大学,文学部
3185,帝塚山大学,経済経営学部
3186,帝塚山大学,法学部
3187,帝塚山大学,心理学部
3188,帝塚山大学,現代生活学部
3189,帝塚山大学,教育学部
3190,天理医療大学,医療学部
3191,東北女子大学,家政学部
3192,東北生活文化大学,家政学部
3193,東北生活文化大学,美術学部
3194,東北工業大学,工学部
3195,東北工業大学,ライフデザイン学部
3196,東北学院大学,文学部
3197,東北学院大学,経済学部
3198,東北学院大学,経営学部
3199,東北学院大学,法学部
3200,東北学院大学,工学部
3201,東北学院大学,教養学部
3202,東北文化学園大学,医療福祉学部
3203,東北文化学園大学,総合政策学部
3204,東北文化学園大学,科学技術学部
3205,東北福祉大学,総合福祉学部
3206,東北福祉大学,総合マネジメント学部
3207,東北福祉大学,教育学部
3208,東北福祉大学,健康科学部
3209,常磐大学,人間科学部
3210,常磐大学,総合政策学部
3211,常磐大学,看護学部
3212,東京国際大学,商学部
3213,東京国際大学,経済学部
3214,東京国際大学,言語コミュニケーション学部
3215,東京国際大学,国際関係学部
3216,東京国際大学,人間社会学部
3217,獨協大学,外国語学部
3218,獨協大学,国際教養学部
3219,獨協大学,経済学部
3220,獨協大学,法学部
3221,東京家政学院大学,現代生活学部
3222,東京家政学院大学,人間栄養学部
3223,東京福祉大学,教育学部
3224,東京福祉大学,社会福祉学部
3225,東京福祉大学,保育児童学部
3226,東京福祉大学,心理学部
3227,東京富士大学,経営学部
3228,東京電機大学,システムデザイン工学部
3229,東京電機大学,未来科学部
3230,東京電機大学,工学部
3231,東京電機大学,理工学部
3232,東京電機大学,工学部第二部
3233,東京都市大学,工学部
3234,東京都市大学,知識工学部
3235,東京都市大学,環境学部
3236,東京都市大学,メディア情報学部
3237,東京都市大学,都市生活学部
3238,東京都市大学,人間科学部
3239,東海大学,文学部
3240,東海大学,文化社会学部
3241,東海大学,政治経済学部
3242,東海大学,法学部
3243,東海大学,教養学部
3244,東海大学,体育学部
3245,東海大学,健康学部
3246,東海大学,理学部
3247,東海大学,情報理工学部
3248,東海大学,工学部
3249,東海大学,観光学部
3250,東海大学,情報通信学部
3251,東海大学,海洋学部
3252,東海大学,医学部
3253,東海大学,経営学部
3254,東海大学,基盤工学部
3255,東海大学,農学部
3256,東海大学,国際文化学部
3257,東海大学,生物学部
3258,苫小牧駒澤大学,国際文化学部
3259,東北医科薬科大学,薬学部
3260,東北医科薬科大学,医学部
3261,東北大学,文学部
3262,東北大学,教育学部
3263,東北大学,法学部
3264,東北大学,経済学部
3265,東北大学,理学部
3266,東北大学,医学部
3267,東北大学,歯学部
3268,東北大学,薬学部
3269,東北大学,工学部
3270,東北大学,農学部
3271,東北芸術工科大学,芸術学部
3272,東北芸術工科大学,デザイン工学部
3273,東北公益文科大学,公益学部
3274,東北文教大学,人間科学部
3275,獨協医科大学,医学部
3276,獨協医科大学,看護学部
3277,東都医療大学,ヒューマンケア学部
3278,東都医療大学,管理栄養学部
3279,東都医療大学,幕張ヒューマンケア学部
3280,東邦音楽大学,音楽学部
3281,東京基督教大学,神学部
3282,東京情報大学,総合情報学部
3283,東京情報大学,看護学部
3284,東京有明医療大学,保健医療学部
3285,東京有明医療大学,看護学部
3286,東京医科歯科大学,医学部
3287,東京医科歯科大学,歯学部
3288,東京医科大学,医学部
3289,東京医療学院大学,保健医療学部
3290,東京医療保健大学,医療保健学部
3291,東京医療保健大学,東が丘・立川看護学部
3292,東京医療保健大学,千葉看護学部
3293,東京医療保健大学,和歌山看護学部
3294,東京音楽大学,音楽学部
3295,東京海洋大学,海洋生命科学部
3296,東京海洋大学,海洋工学部
3297,東京海洋大学,海洋資源環境学部
3298,東京家政大学,家政学部
3299,東京家政大学,人文学部
3300,東京家政大学,子ども学部
3301,東京家政大学,健康科学部
3302,東京外国語大学,言語文化学部
3303,東京外国語大学,国際社会学部
3304,東京外国語大学,国際日本学部
3305,東京学芸大学,教育学部
3306,東京経済大学,経済学部
3307,東京経済大学,経営学部
3308,東京経済大学,コミュニケーション学部
3309,東京経済大学,現代法学部
3310,東京経済大学,キャリアデザインプログラム
3311,東京芸術大学,美術学部
3312,東京芸術大学,音楽学部
3313,東京工科大学,工学部
3314,東京工科大学,デザイン学部
3315,東京工科大学,医療保健学部
3316,東京工科大学,メディア学部
3317,東京工科大学,コンピュータサイエンス学部
3318,東京工科大学,応用生物学部
3319,東京工業大学,理学院
3320,東京工業大学,工学院
3321,東京工業大学,物質理工学院
3322,東京工業大学,情報理工学院
3323,東京工業大学,生命理工学院
3324,東京工業大学,環境・社会理工学院
3325,東京工芸大学,工学部
3326,東京工芸大学,芸術学部
3327,東京歯科大学,歯学部
3328,東京神学大学,神学部
3329,東京慈恵会医科大学,医学部
3330,東京純心大学,現代文化学部
3331,東京純心大学,看護学部
3332,東京女学館大学,
3333,東京女子医科大学,医学部
3334,東京女子医科大学,看護学部
3335,東京女子体育大学,体育学部
3336,東京女子大学,現代教養学部
3337,東京聖栄大学,健康栄養学部
3338,東京成徳大学,子ども学部
3339,東京成徳大学,経営学部
3340,東京成徳大学,応用心理学部
3341,東京成徳大学,国際学部
3342,東京造形大学,造形学部
3343,東京大学,教養学部
3344,東京大学,法学部
3345,東京大学,経済学部
3346,東京大学,文学部
3347,東京大学,教育学部
3348,東京大学,理学部
3349,東京大学,工学部
3350,東京大学,農学部
3351,東京大学,医学部
3352,東京大学,薬学部
3353,東京通信大学,情報マネジメント学部
3354,東京通信大学,人間福祉学部
3355,東京農業大学,農学部
3356,東京農業大学,生物産業学部
3357,東京農業大学,生命科学部
3358,東京農業大学,応用生物科学部
3359,東京農業大学,地域環境科学部
3360,東京農業大学,国際食料情報学部
3361,東京農工大学,農学部
3362,東京農工大学,工学部
3363,東京未来大学,こども心理学部
3364,東京未来大学,モチベーション行動科学部
3365,東京薬科大学,薬学部
3366,東京薬科大学,生命科学部
3367,東京理科大学,理学部第一部
3368,東京理科大学,工学部
3369,東京理科大学,薬学部
3370,東京理科大学,理工学部
3371,東京理科大学,基礎工学部
3372,東京理科大学,経営学部
3373,東京理科大学,理学部第二部
3374,桐朋学園大学,音楽学部
3375,東邦大学,医学部
3376,東邦大学,看護学部
3377,東邦大学,薬学部
3378,東邦大学,理学部
3379,東邦大学,健康科学部
3380,東洋学園大学,グローバル・コミュニケーション学部
3381,東洋学園大学,現代経営学部
3382,東洋学園大学,人間科学部
3383,東洋大学,文学部
3384,東洋大学,経済学部
3385,東洋大学,経営学部
3386,東洋大学,法学部
3387,東洋大学,社会学部
3388,東洋大学,国際学部
3389,東洋大学,国際観光学部
3390,東洋大学,情報連携学部
3391,東洋大学,ライフデザイン学部
3392,東洋大学,理工学部
3393,東洋大学,総合情報学部
3394,東洋大学,生命科学部
3395,東洋大学,食環境科学部
3396,桐蔭横浜大学,法学部
3397,桐蔭横浜大学,医用工学部
3398,桐蔭横浜大学,スポーツ健康政策学部
3399,東洋英和女学院大学,人間科学部
3400,東洋英和女学院大学,国際社会学部
3401,富山県立大学,工学部
3402,富山県立大学,看護学部
3403,富山国際大学,現代社会学部
3404,富山国際大学,子ども育成学部
3405,富山大学,人文学部
3406,富山大学,人間発達科学部
3407,富山大学,経済学部
3408,富山大学,理学部
3409,富山大学,医学部
3410,富山大学,薬学部
3411,富山大学,工学部
3412,富山大学,芸術文化学部
3413,富山大学,都市デザイン学部
3414,東海学院大学,人間関係学部
3415,東海学院大学,健康福祉学部
3416,常葉大学,教育学部
3417,常葉大学,外国語学部
3418,常葉大学,造形学部
3419,常葉大学,法学部
3420,常葉大学,健康科学部
3421,常葉大学,健康プロデュース学部
3422,常葉大学,保健医療学部
3423,常葉大学,経営学部
3424,常葉大学,社会環境学部
3425,常葉大学,保育学部
3426,東海学園大学,経営学部
3427,東海学園大学,人文学部
3428,東海学園大学,心理学部
3429,東海学園大学,教育学部
3430,東海学園大学,スポーツ健康科学部
3431,東海学園大学,健康栄養学部
3432,豊田工業大学,工学部
3433,豊橋技術科学大学,工学部
3434,豊橋創造大学,経営学部
3435,豊橋創造大学,保健医療学部
3436,同朋大学,文学部
3437,同朋大学,社会福祉学部
3438,同志社女子大学,学芸学部
3439,同志社女子大学,現代社会学部
3440,同志社女子大学,薬学部
3441,同志社女子大学,表象文化学部
3442,同志社女子大学,生活科学部
3443,同志社女子大学,看護学部
3444,同志社大学,神学部
3445,同志社大学,文学部
3446,同志社大学,社会学部
3447,同志社大学,法学部
3448,同志社大学,経済学部
3449,同志社大学,商学部
3450,同志社大学,政策学部
3451,同志社大学,文化情報学部
3452,同志社大学,理工学部
3453,同志社大学,生命医科学部
3454,同志社大学,スポーツ健康科学部
3455,同志社大学,心理学部
3456,同志社大学,グローバル・コミュニケーション学部
3457,同志社大学,グローバル地域文化学部
3458,常磐会学園大学,国際こども教育学部
3459,公立鳥取環境大学,環境学部
3460,公立鳥取環境大学,経営学部
3461,鳥取看護大学,看護学部
3462,鳥取大学,地域学部
3463,鳥取大学,医学部
3464,鳥取大学,工学部
3465,鳥取大学,農学部
3466,東亜大学,人間科学部
3467,東亜大学,医療学部
3468,東亜大学,芸術学部
3469,徳山大学,経済学部
3470,徳山大学,福祉情報学部
3471,徳島大学,総合科学部
3472,徳島大学,医学部
3473,徳島大学,歯学部
3474,徳島大学,薬学部
3475,徳島大学,理工学部〔昼間コース〕
3476,徳島大学,理工学部〔夜間主コース〕
3477,徳島大学,生物資源産業学部
3478,徳島文理大学,薬学部
3479,徳島文理大学,人間生活学部
3480,徳島文理大学,保健福祉学部
3481,徳島文理大学,総合政策学部
3482,徳島文理大学,音楽学部
3483,徳島文理大学,香川薬学部
3484,徳島文理大学,理工学部
3485,徳島文理大学,文学部
3486,奈良学園大学,人間教育学部
3487,奈良学園大学,保健医療学部
3488,長崎外国語大学,外国語学部
3489,長崎国際大学,人間社会学部
3490,長崎国際大学,健康管理学部
3491,長崎国際大学,薬学部
3492,長崎ウエスレヤン大学,現代社会学部
3493,名寄市立大学,保健福祉学部
3494,長岡技術科学大学,工学部
3495,長岡造形大学,造形学部
3496,長岡大学,経済経営学部
3497,長野県看護大学,看護学部
3498,長野県立大学,グローバルマネジメント学部
3499,長野県立大学,健康発達学部
3500,長野大学,社会福祉学部
3501,長野大学,環境ツーリズム学部
3502,長野大学,企業情報学部
3503,長野保健医療大学,保健科学部
3504,長野保健医療大学,看護学部
3505,名古屋音楽大学,音楽学部
3506,名古屋外国語大学,外国語学部
3507,名古屋外国語大学,世界教養学部
3508,名古屋外国語大学,世界共生学部
3509,名古屋外国語大学,現代国際学部
3510,名古屋学院大学,経済学部
3511,名古屋学院大学,現代社会学部
3512,名古屋学院大学,商学部
3513,名古屋学院大学,法学部
3514,名古屋学院大学,外国語学部
3515,名古屋学院大学,国際文化学部
3516,名古屋学院大学,スポーツ健康学部
3517,名古屋学院大学,リハビリテーション学部
3518,名古屋学芸大学,管理栄養学部
3519,名古屋学芸大学,ヒューマンケア学部
3520,名古屋学芸大学,メディア造形学部
3521,名古屋学芸大学,看護学部
3522,名古屋経済大学,経済学部
3523,名古屋経済大学,経営学部
3524,名古屋経済大学,法学部
3525,名古屋経済大学,人間生活科学部
3526,名古屋芸術大学,芸術学部
3527,名古屋芸術大学,人間発達学部
3528,名古屋工業大学,工学部第一部
3529,名古屋工業大学,工学部第二部
3530,名古屋産業大学,現代ビジネス学部
3531,名古屋商科大学,経済学部
3532,名古屋商科大学,経営学部
3533,名古屋商科大学,商学部
3534,名古屋商科大学,国際学部
3535,名古屋市立大学,医学部
3536,名古屋市立大学,薬学部
3537,名古屋市立大学,経済学部
3538,名古屋市立大学,人文社会学部
3539,名古屋市立大学,芸術工学部
3540,名古屋市立大学,看護学部
3541,名古屋市立大学,総合生命理学部
3542,名古屋女子大学,健康科学部
3543,名古屋女子大学,家政学部
3544,名古屋女子大学,文学部
3545,名古屋造形大学,造形学部
3546,名古屋大学,文学部
3547,名古屋大学,教育学部
3548,名古屋大学,法学部
3549,名古屋大学,経済学部
3550,名古屋大学,情報学部
3551,名古屋大学,理学部
3552,名古屋大学,医学部
3553,名古屋大学,工学部
3554,名古屋大学,農学部
3555,名古屋文理大学,情報メディア学部
3556,名古屋文理大学,健康生活学部
3557,南山大学,人文学部
3558,南山大学,外国語学部
3559,南山大学,経済学部
3560,南山大学,経営学部
3561,南山大学,法学部
3562,南山大学,総合政策学部
3563,南山大学,理工学部
3564,南山大学,国際教養学部
3565,長浜バイオ大学,バイオサイエンス学部
3566,奈良教育大学,教育学部
3567,奈良県立医科大学,医学部
3568,奈良県立大学,地域創造学部
3569,奈良女子大学,文学部
3570,奈良女子大学,理学部
3571,奈良女子大学,生活環境学部
3572,奈良大学,文学部
3573,奈良大学,社会学部
3574,鳴門教育大学,学校教育学部
3575,中村学園大学,栄養科学部
3576,中村学園大学,教育学部
3577,中村学園大学,流通科学部
3578,長崎県立大学,経営学部
3579,長崎県立大学,地域創造学部
3580,長崎県立大学,国際社会学部
3581,長崎県立大学,情報システム学部
3582,長崎県立大学,看護栄養学部
3583,長崎純心大学,人文学部
3584,長崎総合科学大学,工学部
3585,長崎総合科学大学,総合情報学部
3586,長崎大学,多文化社会学部
3587,長崎大学,教育学部
3588,長崎大学,経済学部
3589,長崎大学,医学部
3590,長崎大学,歯学部
3591,長崎大学,薬学部
3592,長崎大学,工学部
3593,長崎大学,環境科学部
3594,長崎大学,水産学部
3595,日本薬科大学,薬学部
3596,人間総合科学大学,人間科学部
3597,人間総合科学大学,保健医療学部
3598,日本大学,法学部一部
3599,日本大学,法学部二部
3600,日本大学,文理学部
3601,日本大学,経済学部
3602,日本大学,商学部
3603,日本大学,芸術学部
3604,日本大学,国際関係学部
3605,日本大学,危機管理学部
3606,日本大学,スポーツ科学部
3607,日本大学,理工学部
3608,日本大学,生産工学部
3609,日本大学,工学部
3610,日本大学,医学部
3611,日本大学,歯学部
3612,日本大学,松戸歯学部
3613,日本大学,生物資源科学部
3614,日本大学,薬学部
3615,日本大学,法学部
3616,二松學舍大学,文学部
3617,二松學舍大学,国際政治経済学部
3618,日本社会事業大学,社会福祉学部
3619,日本映画大学,映画学部
3620,西日本工業大学,工学部
3621,西日本工業大学,デザイン学部
3622,日本経済大学,経営学部
3623,日本経済大学,経済学部
3624,日本医療大学,保健医療学部
3625,日本赤十字北海道看護大学,看護学部
3626,日本赤十字秋田看護大学,看護学部
3627,日本ウェルネススポーツ大学,スポーツプロモーション学部
3628,日本工業大学,基幹工学部
3629,日本工業大学,先進工学部
3630,日本工業大学,建築学部
3631,日本医療科学大学,保健医療学部
3632,日本保健医療大学,保健医療学部
3633,日本医科大学,医学部
3634,日本歯科大学,生命歯学部
3635,日本歯科大学,新潟生命歯学部
3636,日本獣医生命科学大学,獣医学部
3637,日本獣医生命科学大学,応用生命科学部
3638,日本体育大学,体育学部
3639,日本体育大学,スポーツ文化学部
3640,日本体育大学,スポーツマネジメント学部
3641,日本体育大学,児童スポーツ教育学部
3642,日本体育大学,保健医療学部
3643,日本女子体育大学,体育学部
3644,日本女子大学,家政学部
3645,日本女子大学,文学部
3646,日本女子大学,人間社会学部
3647,日本女子大学,理学部
3648,日本赤十字看護大学,看護学部
3649,日本文化大学,法学部
3650,新潟医療福祉大学,リハビリテーション学部
3651,新潟医療福祉大学,医療技術学部
3652,新潟医療福祉大学,健康科学部
3653,新潟医療福祉大学,看護学部
3654,新潟医療福祉大学,社会福祉学部
3655,新潟医療福祉大学,医療経営管理学部
3656,新潟経営大学,経営情報学部
3657,新潟経営大学,観光経営学部
3658,新潟県立看護大学,看護学部
3659,新潟県立大学,国際地域学部
3660,新潟県立大学,人間生活学部
3661,新潟工科大学,工学部
3662,新潟国際情報大学,経営情報学部
3663,新潟国際情報大学,国際学部
3664,新潟産業大学,経済学部
3665,新潟青陵大学,福祉心理学部
3666,新潟青陵大学,看護学部
3667,新潟大学,人文学部
3668,新潟大学,教育学部
3669,新潟大学,法学部
3670,新潟大学,経済学部
3671,新潟大学,理学部
3672,新潟大学,医学部
3673,新潟大学,歯学部
3674,新潟大学,工学部
3675,新潟大学,農学部
3676,新潟大学,創生学部
3677,新潟薬科大学,薬学部
3678,新潟薬科大学,応用生命科学部
3679,新潟リハビリテーション大学,医療学部
3680,日本赤十字豊田看護大学,看護学部
3681,日本福祉大学,スポーツ科学部
3682,日本福祉大学,社会福祉学部
3683,日本福祉大学,経済学部
3684,日本福祉大学,健康科学部
3685,日本福祉大学,子ども発達学部
3686,日本福祉大学,国際福祉開発学部
3687,日本福祉大学,看護学部
3688,日本福祉大学,福祉経営学部
3689,人間環境大学,人間環境学部
3690,人間環境大学,看護学部
3691,人間環境大学,松山看護学部
3692,新見公立大学,健康科学部
3693,日本赤十字広島看護大学,看護学部
3694,日本赤十字九州国際看護大学,看護学部
3695,西九州大学,健康栄養学部
3696,西九州大学,健康福祉学部
3697,西九州大学,リハビリテーション学部
3698,西九州大学,子ども学部
3699,西九州大学,看護学部
3700,日本文理大学,工学部
3701,日本文理大学,経営経済学部
3702,ノースアジア大学,経済学部
3703,ノースアジア大学,法学部
3704,ノートルダム清心女子大学,文学部
3705,ノートルダム清心女子大学,人間生活学部
3706,八戸学院大学,地域経営学部
3707,八戸学院大学,健康医療学部
3708,八戸工業大学,工学部
3709,八戸工業大学,感性デザイン学部
3710,函館大学,商学部
3711,公立はこだて未来大学,システム情報科学部
3712,白鴎大学,経営学部
3713,白鴎大学,法学部
3714,白鴎大学,教育学部
3715,浜松医科大学,医学部
3716,浜松学院大学,現代コミュニケーション学部
3717,花園大学,文学部
3718,花園大学,社会福祉学部
3719,花園大学,発達教育学部
3720,羽衣国際大学,現代社会学部
3721,羽衣国際大学,人間生活学部
3722,阪南大学,国際コミュニケーション学部
3723,阪南大学,国際観光学部
3724,阪南大学,経済学部
3725,阪南大学,流通学部
3726,阪南大学,経営情報学部
3727,梅花女子大学,文化表現学部
3728,梅花女子大学,心理こども学部
3729,梅花女子大学,食文化学部
3730,梅花女子大学,看護保健学部
3731,梅光学院大学,文学部
3732,梅光学院大学,子ども学部
3733,弘前学院大学,文学部
3734,弘前学院大学,社会福祉学部
3735,弘前学院大学,看護学部
3736,東日本国際大学,経済経営学部
3737,東日本国際大学,健康福祉学部
3738,東大阪大学,こども学部
3739,広島修道大学,商学部
3740,広島修道大学,人文学部
3741,広島修道大学,法学部
3742,広島修道大学,経済科学部
3743,広島修道大学,人間環境学部
3744,広島修道大学,健康科学部
3745,広島修道大学,国際コミュニティ学部
3746,比治山大学,現代文化学部
3747,比治山大学,健康栄養学部
3748,広島国際学院大学,工学部
3749,広島国際学院大学,情報文化学部
3750,広島文化学園大学,看護学部
3751,広島文化学園大学,学芸学部
3752,広島文化学園大学,人間健康学部
3753,弘前医療福祉大学,保健学部
3754,弘前大学,人文社会科学部
3755,弘前大学,教育学部
3756,弘前大学,医学部
3757,弘前大学,理工学部
3758,弘前大学,農学生命科学部
3759,一橋大学,商学部
3760,一橋大学,経済学部
3761,一橋大学,法学部
3762,一橋大学,社会学部
3763,ビジネス・ブレークスルー大学,経営学部
3764,びわこ成蹊スポーツ大学,スポーツ学部
3765,びわこ学院大学,教育福祉学部
3766,姫路大学,看護学部
3767,姫路大学,教育学部
3768,姫路獨協大学,人間社会学群
3769,姫路獨協大学,医療保健学部
3770,姫路獨協大学,薬学部
3771,姫路獨協大学,看護学部
3772,兵庫医科大学,医学部
3773,兵庫医療大学,薬学部
3774,兵庫医療大学,看護学部
3775,兵庫医療大学,リハビリテーション学部
3776,兵庫教育大学,学校教育学部
3777,兵庫県立大学,国際商経学部
3778,兵庫県立大学,社会情報科学部
3779,兵庫県立大学,工学部
3780,兵庫県立大学,理学部
3781,兵庫県立大学,環境人間学部
3782,兵庫県立大学,看護学部
3783,兵庫大学,看護学部
3784,兵庫大学,健康科学部
3785,兵庫大学,生涯福祉学部
3786,兵庫大学,現代ビジネス学部
3787,広島経済大学,経済学部
3788,広島経済大学,経営学部
3789,広島経済大学,メディアビジネス学部
3790,広島工業大学,工学部
3791,広島工業大学,情報学部
3792,広島工業大学,環境学部
3793,広島工業大学,生命学部
3794,広島国際大学,心理学部
3795,広島国際大学,医療栄養学部
3796,広島国際大学,医療経営学部
3797,広島国際大学,総合リハビリテーション学部
3798,広島国際大学,医療福祉学部
3799,広島国際大学,保健医療学部
3800,広島国際大学,看護学部
3801,広島国際大学,薬学部
3802,広島市立大学,国際学部
3803,広島市立大学,情報科学部
3804,広島市立大学,芸術学部
3805,広島女学院大学,人文学部
3806,広島女学院大学,人間生活学部
3807,広島大学,総合科学部
3808,広島大学,文学部
3809,広島大学,教育学部
3810,広島大学,法学部
3811,広島大学,経済学部
3812,広島大学,理学部
3813,広島大学,医学部
3814,広島大学,歯学部
3815,広島大学,薬学部
3816,広島大学,工学部
3817,広島大学,生物生産学部
3818,広島大学,情報科学部
3819,県立広島大学,人間文化学部
3820,県立広島大学,経営情報学部
3821,県立広島大学,生命環境学部
3822,県立広島大学,保健福祉学部
3823,広島都市学園大学,健康科学部
3824,広島都市学園大学,子ども教育学部
3825,広島文教女子大学,教育学部
3826,広島文教女子大学,人間科学部
3827,福島学院大学,福祉学部
3828,文化学園大学,服装学部
3829,文化学園大学,造形学部
3830,文化学園大学,現代文化学部
3831,藤女子大学,文学部
3832,藤女子大学,人間生活学部
3833,富士大学,経済学部
3834,福島県立医科大学,医学部
3835,福島県立医科大学,看護学部
3836,福島大学,人文社会学群
3837,福島大学,理工学群
3838,福島大学,農学群
3839,文星芸術大学,美術学部
3840,文教大学,教育学部
3841,文教大学,人間科学部
3842,文教大学,文学部
3843,文教大学,情報学部
3844,文教大学,国際学部
3845,文教大学,健康栄養学部
3846,文教大学,経営学部
3847,文京学院大学,外国語学部
3848,文京学院大学,経営学部
3849,文京学院大学,人間学部
3850,文京学院大学,保健医療技術学部
3851,フェリス女学院大学,文学部
3852,フェリス女学院大学,国際交流学部
3853,フェリス女学院大学,音楽学部
3854,福井県立大学,経済学部
3855,福井県立大学,生物資源学部
3856,福井県立大学,海洋生物資源学部
3857,福井県立大学,看護福祉学部
3858,福井工業大学,工学部
3859,福井工業大学,環境情報学部
3860,福井工業大学,スポーツ健康科学部
3861,福井大学,教育学部
3862,福井大学,医学部
3863,福井大学,工学部
3864,福井大学,国際地域学部
3865,藤田医科大学,医学部
3866,藤田医科大学,医療科学部
3867,藤田医科大学,保健衛生学部
3868,福知山公立大学,地域経営学部
3869,佛教大学,仏教学部
3870,佛教大学,文学部
3871,佛教大学,歴史学部
3872,佛教大学,教育学部
3873,佛教大学,社会学部
3874,佛教大学,社会福祉学部
3875,佛教大学,保健医療技術学部
3876,福山市立大学,教育学部
3877,福山市立大学,都市経営学部
3878,福山大学,経済学部
3879,福山大学,人間文化学部
3880,福山大学,工学部
3881,福山大学,生命工学部
3882,福山大学,薬学部
3883,福山平成大学,経営学部
3884,福山平成大学,福祉健康学部
3885,福山平成大学,看護学部
3886,福岡教育大学,教育学部
3887,福岡県立大学,人間社会学部
3888,福岡県立大学,看護学部
3889,福岡工業大学,工学部
3890,福岡工業大学,情報工学部
3891,福岡工業大学,社会環境学部
3892,福岡国際大学,
3893,福岡歯科大学,口腔歯学部
3894,福岡女学院看護大学,看護学部
3895,福岡女学院大学,人文学部
3896,福岡女学院大学,人間関係学部
3897,福岡女学院大学,国際キャリア学部
3898,福岡女子大学,国際文理学部
3899,福岡大学,人文学部
3900,福岡大学,法学部
3901,福岡大学,経済学部
3902,福岡大学,商学部
3903,福岡大学,商学部第二部
3904,福岡大学,理学部
3905,福岡大学,工学部
3906,福岡大学,医学部
3907,福岡大学,薬学部
3908,福岡大学,スポーツ科学部
3909,別府大学,文学部
3910,別府大学,食物栄養科学部
3911,別府大学,国際経営学部
3912,平成国際大学,法学部
3913,平成国際大学,スポーツ健康科学部
3914,平安女学院大学,国際観光学部
3915,平安女学院大学,子ども教育学部
3916,平成音楽大学,音楽学部
3917,北海道千歳リハビリテーション大学,健康科学部
3918,北海道医療大学,薬学部
3919,北海道医療大学,歯学部
3920,北海道医療大学,看護福祉学部
3921,北海道医療大学,心理科学部
3922,北海道医療大学,リハビリテーション科学部
3923,北海道科学大学,工学部
3924,北海道科学大学,保健医療学部
3925,北海道科学大学,未来デザイン学部
3926,北海道科学大学,薬学部
3927,北海道情報大学,経営情報学部
3928,北海道情報大学,医療情報学部
3929,北海道情報大学,情報メディア学部
3930,北星学園大学,文学部
3931,北星学園大学,経済学部
3932,北星学園大学,社会福祉学部
3933,法政大学,法学部
3934,法政大学,文学部
3935,法政大学,経済学部
3936,法政大学,社会学部
3937,法政大学,経営学部
3938,法政大学,国際文化学部
3939,法政大学,人間環境学部
3940,法政大学,現代福祉学部
3941,法政大学,キャリアデザイン学部
3942,法政大学,GIS（グローバル教養学部）
3943,法政大学,スポーツ健康学部
3944,法政大学,情報科学部
3945,法政大学,デザイン工学部
3946,法政大学,理工学部
3947,法政大学,生命科学部
3948,北翔大学,生涯スポーツ学部
3949,北翔大学,教育文化学部
3950,北海学園大学,経済学部一部
3951,北海学園大学,経営学部一部
3952,北海学園大学,法学部一部
3953,北海学園大学,人文学部一部
3954,北海学園大学,工学部
3955,北海学園大学,経済学部二部
3956,北海学園大学,経営学部二部
3957,北海学園大学,法学部二部
3958,北海学園大学,人文学部二部
3959,北海商科大学,商学部
3960,北海道教育大学,教育学部
3961,北海道大学,文学部
3962,北海道大学,教育学部
3963,北海道大学,法学部
3964,北海道大学,経済学部
3965,北海道大学,理学部
3966,北海道大学,医学部
3967,北海道大学,歯学部
3968,北海道大学,薬学部
3969,北海道大学,工学部
3970,北海道大学,農学部
3971,北海道大学,獣医学部
3972,北海道大学,水産学部
3973,北海道文教大学,外国語学部
3974,北海道文教大学,人間科学部
3975,放送大学,教養学部
3976,星薬科大学,薬学部
3977,北陸学院大学,人間総合学部
3978,北陸大学,医療保健学部
3979,北陸大学,国際コミュニケーション学部
3980,北陸大学,経済経営学部
3981,北陸大学,薬学部
3982,保健医療経営大学,保健医療経営学部
3983,前橋工科大学,工学部
3984,松本歯科大学,歯学部
3985,松本大学,総合経営学部
3986,松本大学,人間健康学部
3987,松本大学,教育学部
3988,松山東雲女子大学,人文科学部
3989,松山大学,経済学部
3990,松山大学,経営学部
3991,松山大学,人文学部
3992,松山大学,法学部
3993,松山大学,薬学部
3994,宮崎産業経営大学,法学部
3995,宮崎産業経営大学,経営学部
3996,宮城学院女子大学,現代ビジネス学部
3997,宮城学院女子大学,教育学部
3998,宮城学院女子大学,生活科学部
3999,宮城学院女子大学,学芸学部
4000,宮城教育大学,教育学部
4001,宮城大学,看護学群
4002,宮城大学,事業構想学群
4003,宮城大学,食産業学群
4004,身延山大学,仏教学部
4005,三重県立看護大学,看護学部
4006,三重大学,人文学部
4007,三重大学,教育学部
4008,三重大学,医学部
4009,三重大学,工学部
4010,三重大学,生物資源学部
4011,美作大学,生活科学部
4012,南九州大学,健康栄養学部
4013,南九州大学,環境園芸学部
4014,南九州大学,人間発達学部
4015,宮崎県立看護大学,看護学部
4016,宮崎公立大学,人文学部
4017,宮崎国際大学,国際教養学部
4018,宮崎国際大学,教育学部
4019,宮崎大学,教育学部
4020,宮崎大学,医学部
4021,宮崎大学,工学部
4022,宮崎大学,農学部
4023,宮崎大学,地域資源創成学部
4024,武蔵大学,経済学部
4025,武蔵大学,人文学部
4026,武蔵大学,社会学部
4027,室蘭工業大学,理工学部
4028,武蔵野学院大学,国際コミュニケーション学部
4029,武蔵野音楽大学,音楽学部
4030,武蔵野大学,データサイエンス学部
4031,武蔵野大学,グローバル学部
4032,武蔵野大学,工学部
4033,武蔵野大学,法学部
4034,武蔵野大学,経済学部
4035,武蔵野大学,経営学部
4036,武蔵野大学,文学部
4037,武蔵野大学,人間科学部
4038,武蔵野大学,教育学部
4039,武蔵野大学,薬学部
4040,武蔵野大学,看護学部
4041,武蔵野美術大学,造形学部
4042,武蔵野美術大学,造形構想学部
4043,武庫川女子大学,文学部
4044,武庫川女子大学,教育学部
4045,武庫川女子大学,健康・スポーツ科学部
4046,武庫川女子大学,生活環境学部
4047,武庫川女子大学,音楽学部
4048,武庫川女子大学,薬学部
4049,武庫川女子大学,看護学部
4050,明海大学,外国語学部
4051,明海大学,経済学部
4052,明海大学,不動産学部
4053,明海大学,ホスピタリティ・ツーリズム学部
4054,明海大学,保健医療学部
4055,明海大学,歯学部
4056,明治学院大学,文学部
4057,明治学院大学,経済学部
4058,明治学院大学,社会学部
4059,明治学院大学,法学部
4060,明治学院大学,国際学部
4061,明治学院大学,心理学部
4062,明治大学,法学部
4063,明治大学,商学部
4064,明治大学,政治経済学部
4065,明治大学,文学部
4066,明治大学,理工学部
4067,明治大学,農学部
4068,明治大学,経営学部
4069,明治大学,情報コミュニケーション学部
4070,明治大学,国際日本学部
4071,明治大学,総合数理学部
4072,明治薬科大学,薬学部
4073,明星大学,デザイン学部
4074,明星大学,経営学部
4075,明星大学,経済学部
4076,明星大学,教育学部
4077,明星大学,人文学部
4078,明星大学,心理学部
4079,明星大学,情報学部
4080,明星大学,理工学部
4081,目白大学,人間学部
4082,目白大学,社会学部
4083,目白大学,メディア学部
4084,目白大学,経営学部
4085,目白大学,外国語学部
4086,目白大学,保健医療学部
4087,目白大学,看護学部
4088,名城大学,法学部
4089,名城大学,経営学部
4090,名城大学,経済学部
4091,名城大学,人間学部
4092,名城大学,都市情報学部
4093,名城大学,理工学部
4094,名城大学,農学部
4095,名城大学,薬学部
4096,名城大学,外国語学部
4097,明治国際医療大学,看護学部
4098,明治国際医療大学,保健医療学部
4099,明治国際医療大学,鍼灸学部
4100,名桜大学,国際学群
4101,名桜大学,人間健康学部
4102,盛岡大学,文学部
4103,盛岡大学,栄養科学部
4104,ものつくり大学,技能工芸学部
4105,森ノ宮医療大学,保健医療学部
4106,桃山学院教育大学,教育学部
4107,桃山学院大学,国際教養学部
4108,桃山学院大学,社会学部
4109,桃山学院大学,法学部
4110,桃山学院大学,経済学部
4111,桃山学院大学,経営学部
4112,山形県立保健医療大学,保健医療学部
4113,山形県立米沢栄養大学,健康栄養学部
4114,山形大学,人文社会科学部
4115,山形大学,地域教育文化学部
4116,山形大学,理学部
4117,山形大学,医学部
4118,山形大学,工学部
4119,山形大学,工学部（フレックスコース）
4120,山形大学,農学部
4121,ヤマザキ動物看護大学,動物看護学部
4122,八洲学園大学,生涯学習学部
4123,山梨英和大学,人間文化学部
4124,山梨学院大学,法学部
4125,山梨学院大学,経営学部
4126,山梨学院大学,健康栄養学部
4127,山梨学院大学,国際リベラルアーツ学部
4128,山梨学院大学,スポーツ科学部
4129,山梨県立大学,国際政策学部
4130,山梨県立大学,人間福祉学部
4131,山梨県立大学,看護学部
4132,山梨大学,教育学部
4133,山梨大学,医学部
4134,山梨大学,工学部
4135,山梨大学,生命環境学部
4136,大和大学,教育学部
4137,大和大学,保健医療学部
4138,大和大学,政治経済学部
4139,安田女子大学,文学部
4140,安田女子大学,教育学部
4141,安田女子大学,心理学部
4142,安田女子大学,現代ビジネス学部
4143,安田女子大学,家政学部
4144,安田女子大学,薬学部
4145,安田女子大学,看護学部
4146,山口学芸大学,教育学部
4147,山口県立大学,国際文化学部
4148,山口県立大学,社会福祉学部
4149,山口県立大学,看護栄養学部
4150,山口大学,人文学部
4151,山口大学,教育学部
4152,山口大学,経済学部
4153,山口大学,理学部
4154,山口大学,医学部
4155,山口大学,工学部
4156,山口大学,農学部
4157,山口大学,共同獣医学部
4158,山口大学,国際総合科学部
4159,横浜国立大学,教育学部
4160,横浜国立大学,経済学部
4161,横浜国立大学,経営学部
4162,横浜国立大学,理工学部
4163,横浜国立大学,都市科学部
4164,横浜商科大学,商学部
4165,横浜市立大学,国際教養学部
4166,横浜市立大学,国際商学部
4167,横浜市立大学,理学部
4168,横浜市立大学,データサイエンス学部
4169,横浜市立大学,医学部
4170,横浜創英大学,看護学部
4171,横浜創英大学,こども教育学部
4172,横浜美術大学,美術学部
4173,横浜薬科大学,薬学部
4174,四日市看護医療大学,看護学部
4175,四日市大学,環境情報学部
4176,四日市大学,総合政策学部
4177,酪農学園大学,農食環境学群
4178,酪農学園大学,獣医学群
4179,流通経済大学,経済学部
4180,流通経済大学,社会学部
4181,流通経済大学,流通情報学部
4182,流通経済大学,法学部
4183,流通経済大学,スポーツ健康科学部
4184,流通科学大学,商学部
4185,流通科学大学,経済学部
4186,流通科学大学,人間社会学部
4187,了徳寺大学,健康科学部
4188,立教大学,文学部
4189,立教大学,異文化コミュニケーション学部
4190,立教大学,経済学部
4191,立教大学,経営学部
4192,立教大学,理学部
4193,立教大学,社会学部
4194,立教大学,法学部
4195,立教大学,観光学部
4196,立教大学,コミュニティ福祉学部
4197,立教大学,現代心理学部
4198,立正大学,仏教学部
4199,立正大学,文学部
4200,立正大学,経済学部
4201,立正大学,経営学部
4202,立正大学,心理学部
4203,立正大学,法学部
4204,立正大学,社会福祉学部
4205,立正大学,地球環境科学部
4206,立命館大学,法学部
4207,立命館大学,産業社会学部
4208,立命館大学,国際関係学部
4209,立命館大学,政策科学部
4210,立命館大学,経済学部
4211,立命館大学,経営学部
4212,立命館大学,スポーツ健康科学部
4213,立命館大学,文学部
4214,立命館大学,映像学部
4215,立命館大学,理工学部
4216,立命館大学,情報理工学部
4217,立命館大学,生命科学部
4218,立命館大学,薬学部
4219,立命館大学,総合心理学部
4220,立命館大学,食マネジメント学部
4221,立命館大学,グローバル教養学部
4222,龍谷大学,文学部
4223,龍谷大学,経済学部
4224,龍谷大学,経営学部
4225,龍谷大学,法学部
4226,龍谷大学,政策学部
4227,龍谷大学,国際学部
4228,龍谷大学,理工学部
4229,龍谷大学,社会学部
4230,龍谷大学,農学部
4231,立命館アジア太平洋大学,アジア太平洋学部
4232,立命館アジア太平洋大学,国際経営学部
4233,琉球大学,人文社会学部
4234,琉球大学,国際地域創造学部
4235,琉球大学,教育学部
4236,琉球大学,理学部
4237,琉球大学,医学部
4238,琉球大学,工学部
4239,琉球大学,農学部
4240,ルーテル学院大学,総合人間学部
4241,麗澤大学,外国語学部
4242,麗澤大学,経済学部
4243,和洋女子大学,人文学部
4244,和洋女子大学,家政学部
4245,和洋女子大学,看護学部
4246,和光大学,現代人間学部
4247,和光大学,表現学部
4248,和光大学,経済経営学部
4249,稚内北星学園大学,情報メディア学部
4250,早稲田大学,政治経済学部
4251,早稲田大学,法学部
4252,早稲田大学,文化構想学部
4253,早稲田大学,文学部
4254,早稲田大学,教育学部
4255,早稲田大学,商学部
4256,早稲田大学,基幹理工学部
4257,早稲田大学,創造理工学部
4258,早稲田大学,先進理工学部
4259,早稲田大学,社会科学部
4260,早稲田大学,人間科学部
4261,早稲田大学,スポーツ科学部
4262,早稲田大学,国際教養学部
4263,和歌山県立医科大学,医学部
4264,和歌山県立医科大学,保健看護学部
4265,和歌山大学,教育学部
4266,和歌山大学,経済学部
4267,和歌山大学,システム工学部
4268,和歌山大学,観光学部